Workbook
Name SDGList: 'SDG List'!$A$2:$A$18

Sheet Instructions
A1: =Mapping!$C$3&" — Evaluation Workbook: How to use"
A3: Hackathon structure
A4: Round 1 | C4: 3rd Sem Section A and Section B intra-class hackathons → top 5 teams from each section shortlisted (sheets '3A Intra', '3B Intra').
A5: Round 1 | C5: 5th Sem Section A and Section B intra-class hackathons → top 5 teams from each section shortlisted (sheets '5A Intra', '5B Intra').
A6: Round 2 | C6: 3rd Sem inter-section hackathon: the 10 shortlisted teams are pulled in automatically → top 5 shortlisted (sheet '3 Inter').
A7: Round 2 | C7: 5th Sem inter-section hackathon: the 10 shortlisted teams are pulled in automatically → top 5 shortlisted (sheet '5 Inter').
A8: Who enters what
A9: Coordinator (once) | C9: 'Mapping' sheet: title, department, PO/PSO target %, attainment thresholds, SDG target strength, and (optionally) the rubric → PO/PSO correlation matrix. 'Rubric' sheet: criteria, max marks, descriptors.
A10: Coordinator (per event) | C10: In each event sheet: date, venue, evaluator names, and team details (Team ID, name, members, Primary SDG and optional Secondary SDG from the dropdown, problem statement). Intra sheets hold up to 20 teams.
A11: Evaluators | C11: In your own coloured block: the 9 rubric marks (0 to each criterion's maximum in row 6), then the contribution strength (0–3) for the team's Primary SDG and, if the team has one, its Secondary SDG. The secondary cell turns grey when there is no secondary SDG. Leave a block blank if fewer than 3 evaluators are judging.
A12: Everything else is automatic | C12: Averages across evaluators, total, %, rank, shortlist status, per-team PO/PSO attainment, event attainment levels, SDG strength and goal-wise attainment, the Dashboard and all charts.
A13: Colour legend
A14: Yellow cell, blue text | C14: Input cell — type here.
A15: Grey / lavender / green cells | C15: Calculated — do not edit (event sheets and Dashboard are protected without a password; Review ▸ Unprotect Sheet if you need to change the layout).
A16: PO / PSO attainment
A17: Criterion % | C17: Average of the evaluators' marks for a criterion ÷ its maximum marks.
A18: Team outcome attainment | C18: For each PO/PSO: Σ(criterion % × correlation) ÷ Σ correlation, using the 3/2/1 matrix on the 'Mapping' sheet.
A19: Event attainment level | C19: % of teams whose outcome attainment ≥ target (default 60%). Level 3 if ≥70% of teams, Level 2 if ≥60%, Level 1 if ≥50%, else 0 (all editable on 'Mapping').
A20: SDG attainment
A21: Contribution strength | C21: Each evaluator rates how strongly the solution advances each SDG the team claims: 3 High (advances a named target with a measurable indicator), 2 Medium (clearly supports the goal), 1 Low (indirect), 0 None (claimed only). Scale and descriptors are on the 'Rubric' sheet. Not part of the 100 marks.
A22: Solution strength | C22: Average of the evaluators' ratings for that team and SDG (0–3).
A23: Goal-wise attainment | C23: For each of the 17 SDGs: average strength of all solutions addressing it (primary or secondary), plus the % of rated solutions at or above the target strength (default 2, Medium).
A24: Event SDG attainment | C24: Average strength over every rated team–SDG pair in the event; the Dashboard pools all events weighted by the number of rated pairs.
A25: Ranking & ties | C25: Rank is by total rubric score only; SDG ratings do not change it. Ties are broken by the Technical Implementation (C4) score, then by row order. Inter-section sheets pull rank 1–5 of each section; you can overtype a team cell there if a team is replaced.
A26: Example row (format only)
A27: Section | B27: Team ID | C27: Team Name | D27: Primary SDG | E27: Evaluator 1: C1…C9 | F27: Evaluator 1: SDG strength (primary, secondary)
A28: 3rd Sem - A | B28: 3A-07 | C28: AquaSense | D28: SDG 6 - Clean Water and Sanitation | E28: 8, 7, 12, 16, 8, 7, 7, 4, 8 | F28: 3, (blank)

Sheet Dashboard
A1: =Mapping!$C$3&" — Attainment Dashboard (PO / PSO / SDG)"
A2: =Mapping!$C$4&" | Dept. of "&Mapping!$C$5&" | AY "&Mapping!$C$6&" | PO/PSO target per team: "&TEXT(Mapping!$C$7,"0%")&" | SDG reached at strength ≥ "&Mapping!$C$12
A4: Table 1 — PO / PSO average attainment (%) by event
A5: Event | B5: Teams evaluated | C5: PO1 | D5: PO2 | E5: PO3 | F5: PO4 | G5: PO5 | H5: PO6 | I5: PO7 | J5: PO8 | K5: PO9 | L5: PO10 | M5: PO11 | N5: PSO1 | O5: PSO2
A6: 3rd Sem A — Intra | B6: ='3A Intra'!E33 | C6: ='3A Intra'!BE30 | D6: ='3A Intra'!BF30 | E6: ='3A Intra'!BG30 | F6: ='3A Intra'!BH30 | G6: ='3A Intra'!BI30 | H6: ='3A Intra'!BJ30 | I6: ='3A Intra'!BK30 | J6: ='3A Intra'!BL30 | ... O6: ='3A Intra'!BQ30
A7: 3rd Sem B — Intra | B7: ='3B Intra'!E33 | C7: ='3B Intra'!BE30 | D7: ='3B Intra'!BF30 | E7: ='3B Intra'!BG30 | F7: ='3B Intra'!BH30 | G7: ='3B Intra'!BI30 | H7: ='3B Intra'!BJ30 | I7: ='3B Intra'!BK30 | J7: ='3B Intra'!BL30 | ... O7: ='3B Intra'!BQ30
A8: 3rd Sem — Inter-Section | B8: ='3 Inter'!E23 | C8: ='3 Inter'!BE20 | D8: ='3 Inter'!BF20 | E8: ='3 Inter'!BG20 | F8: ='3 Inter'!BH20 | G8: ='3 Inter'!BI20 | H8: ='3 Inter'!BJ20 | I8: ='3 Inter'!BK20 | J8: ='3 Inter'!BL20 | ... O8: ='3 Inter'!BQ20
A9: 5th Sem A — Intra | B9: ='5A Intra'!E33 | C9: ='5A Intra'!BE30 | D9: ='5A Intra'!BF30 | E9: ='5A Intra'!BG30 | F9: ='5A Intra'!BH30 | G9: ='5A Intra'!BI30 | H9: ='5A Intra'!BJ30 | I9: ='5A Intra'!BK30 | J9: ='5A Intra'!BL30 | ... O9: ='5A Intra'!BQ30
A10: 5th Sem B — Intra | B10: ='5B Intra'!E33 | C10: ='5B Intra'!BE30 | D10: ='5B Intra'!BF30 | E10: ='5B Intra'!BG30 | F10: ='5B Intra'!BH30 | G10: ='5B Intra'!BI30 | H10: ='5B Intra'!BJ30 | I10: ='5B Intra'!BK30 | J10: ='5B Intra'!BL30 | ... O10: ='5B Intra'!BQ30
A11: 5th Sem — Inter-Section | B11: ='5 Inter'!E23 | C11: ='5 Inter'!BE20 | D11: ='5 Inter'!BF20 | E11: ='5 Inter'!BG20 | F11: ='5 Inter'!BH20 | G11: ='5 Inter'!BI20 | H11: ='5 Inter'!BJ20 | I11: ='5 Inter'!BK20 | J11: ='5 Inter'!BL20 | ... O11: ='5 Inter'!BQ20
A12: Overall (weighted by teams) | B12: =SUM(B6:B11) | C12: =IFERROR(SUMPRODUCT(C6:C11,$B$6:$B$11)/SUMPRODUCT(--ISNUMBER(C6:C11),$B$6:$B$11),"") | D12: =IFERROR(SUMPRODUCT(D6:D11,$B$6:$B$11)/SUMPRODUCT(--ISNUMBER(D6:D11),$B$6:$B$11),"") | E12: =IFERROR(SUMPRODUCT(E6:E11,$B$6:$B$11)/SUMPRODUCT(--ISNUMBER(E6:E11),$B$6:$B$11),"") | F12: =IFERROR(SUMPRODUCT(F6:F11,$B$6:$B$11)/SUMPRODUCT(--ISNUMBER(F6:F11),$B$6:$B$11),"") | G12: =IFERROR(SUMPRODUCT(G6:G11,$B$6:$B$11)/SUMPRODUCT(--ISNUMBER(G6:G11),$B$6:$B$11),"") | H12: =IFERROR(SUMPRODUCT(H6:H11,$B$6:$B$11)/SUMPRODUCT(--ISNUMBER(H6:H11),$B$6:$B$11),"") | I12: =IFERROR(SUMPRODUCT(I6:I11,$B$6:$B$11)/SUMPRODUCT(--ISNUMBER(I6:I11),$B$6:$B$11),"") | J12: =IFERROR(SUMPRODUCT(J6:J11,$B$6:$B$11)/SUMPRODUCT(--ISNUMBER(J6:J11),$B$6:$B$11),"") | ... O12: =IFERROR(SUMPRODUCT(O6:O11,$B$6:$B$11)/SUMPRODUCT(--ISNUMBER(O6:O11),$B$6:$B$11),"")
A14: Table 2 — PO / PSO: % of teams at/above target by event
A15: Event | B15: Teams evaluated | C15: PO1 | D15: PO2 | E15: PO3 | F15: PO4 | G15: PO5 | H15: PO6 | I15: PO7 | J15: PO8 | K15: PO9 | L15: PO10 | M15: PO11 | N15: PSO1 | O15: PSO2
A16: 3rd Sem A — Intra | B16: ='3A Intra'!E33 | C16: ='3A Intra'!BE31 | D16: ='3A Intra'!BF31 | E16: ='3A Intra'!BG31 | F16: ='3A Intra'!BH31 | G16: ='3A Intra'!BI31 | H16: ='3A Intra'!BJ31 | I16: ='3A Intra'!BK31 | J16: ='3A Intra'!BL31 | ... O16: ='3A Intra'!BQ31
A17: 3rd Sem B — Intra | B17: ='3B Intra'!E33 | C17: ='3B Intra'!BE31 | D17: ='3B Intra'!BF31 | E17: ='3B Intra'!BG31 | F17: ='3B Intra'!BH31 | G17: ='3B Intra'!BI31 | H17: ='3B Intra'!BJ31 | I17: ='3B Intra'!BK31 | J17: ='3B Intra'!BL31 | ... O17: ='3B Intra'!BQ31
A18: 3rd Sem — Inter-Section | B18: ='3 Inter'!E23 | C18: ='3 Inter'!BE21 | D18: ='3 Inter'!BF21 | E18: ='3 Inter'!BG21 | F18: ='3 Inter'!BH21 | G18: ='3 Inter'!BI21 | H18: ='3 Inter'!BJ21 | I18: ='3 Inter'!BK21 | J18: ='3 Inter'!BL21 | ... O18: ='3 Inter'!BQ21
A19: 5th Sem A — Intra | B19: ='5A Intra'!E33 | C19: ='5A Intra'!BE31 | D19: ='5A Intra'!BF31 | E19: ='5A Intra'!BG31 | F19: ='5A Intra'!BH31 | G19: ='5A Intra'!BI31 | H19: ='5A Intra'!BJ31 | I19: ='5A Intra'!BK31 | J19: ='5A Intra'!BL31 | ... O19: ='5A Intra'!BQ31
A20: 5th Sem B — Intra | B20: ='5B Intra'!E33 | C20: ='5B Intra'!BE31 | D20: ='5B Intra'!BF31 | E20: ='5B Intra'!BG31 | F20: ='5B Intra'!BH31 | G20: ='5B Intra'!BI31 | H20: ='5B Intra'!BJ31 | I20: ='5B Intra'!BK31 | J20: ='5B Intra'!BL31 | ... O20: ='5B Intra'!BQ31
A21: 5th Sem — Inter-Section | B21: ='5 Inter'!E23 | C21: ='5 Inter'!BE21 | D21: ='5 Inter'!BF21 | E21: ='5 Inter'!BG21 | F21: ='5 Inter'!BH21 | G21: ='5 Inter'!BI21 | H21: ='5 Inter'!BJ21 | I21: ='5 Inter'!BK21 | J21: ='5 Inter'!BL21 | ... O21: ='5 Inter'!BQ21
A22: Overall (weighted by teams) | B22: =SUM(B16:B21) | C22: =IFERROR(SUMPRODUCT(C16:C21,$B$16:$B$21)/SUMPRODUCT(--ISNUMBER(C16:C21),$B$16:$B$21),"") | D22: =IFERROR(SUMPRODUCT(D16:D21,$B$16:$B$21)/SUMPRODUCT(--ISNUMBER(D16:D21),$B$16:$B$21),"") | E22: =IFERROR(SUMPRODUCT(E16:E21,$B$16:$B$21)/SUMPRODUCT(--ISNUMBER(E16:E21),$B$16:$B$21),"") | F22: =IFERROR(SUMPRODUCT(F16:F21,$B$16:$B$21)/SUMPRODUCT(--ISNUMBER(F16:F21),$B$16:$B$21),"") | G22: =IFERROR(SUMPRODUCT(G16:G21,$B$16:$B$21)/SUMPRODUCT(--ISNUMBER(G16:G21),$B$16:$B$21),"") | H22: =IFERROR(SUMPRODUCT(H16:H21,$B$16:$B$21)/SUMPRODUCT(--ISNUMBER(H16:H21),$B$16:$B$21),"") | I22: =IFERROR(SUMPRODUCT(I16:I21,$B$16:$B$21)/SUMPRODUCT(--ISNUMBER(I16:I21),$B$16:$B$21),"") | J22: =IFERROR(SUMPRODUCT(J16:J21,$B$16:$B$21)/SUMPRODUCT(--ISNUMBER(J16:J21),$B$16:$B$21),"") | ... O22: =IFERROR(SUMPRODUCT(O16:O21,$B$16:$B$21)/SUMPRODUCT(--ISNUMBER(O16:O21),$B$16:$B$21),"")
A24: Table 3 — PO / PSO attainment level (0–3) by event
A25: Event | B25: Teams evaluated | C25: PO1 | D25: PO2 | E25: PO3 | F25: PO4 | G25: PO5 | H25: PO6 | I25: PO7 | J25: PO8 | K25: PO9 | L25: PO10 | M25: PO11 | N25: PSO1 | O25: PSO2
A26: 3rd Sem A — Intra | B26: ='3A Intra'!E33 | C26: ='3A Intra'!BE32 | D26: ='3A Intra'!BF32 | E26: ='3A Intra'!BG32 | F26: ='3A Intra'!BH32 | G26: ='3A Intra'!BI32 | H26: ='3A Intra'!BJ32 | I26: ='3A Intra'!BK32 | J26: ='3A Intra'!BL32 | ... O26: ='3A Intra'!BQ32
A27: 3rd Sem B — Intra | B27: ='3B Intra'!E33 | C27: ='3B Intra'!BE32 | D27: ='3B Intra'!BF32 | E27: ='3B Intra'!BG32 | F27: ='3B Intra'!BH32 | G27: ='3B Intra'!BI32 | H27: ='3B Intra'!BJ32 | I27: ='3B Intra'!BK32 | J27: ='3B Intra'!BL32 | ... O27: ='3B Intra'!BQ32
A28: 3rd Sem — Inter-Section | B28: ='3 Inter'!E23 | C28: ='3 Inter'!BE22 | D28: ='3 Inter'!BF22 | E28: ='3 Inter'!BG22 | F28: ='3 Inter'!BH22 | G28: ='3 Inter'!BI22 | H28: ='3 Inter'!BJ22 | I28: ='3 Inter'!BK22 | J28: ='3 Inter'!BL22 | ... O28: ='3 Inter'!BQ22
A29: 5th Sem A — Intra | B29: ='5A Intra'!E33 | C29: ='5A Intra'!BE32 | D29: ='5A Intra'!BF32 | E29: ='5A Intra'!BG32 | F29: ='5A Intra'!BH32 | G29: ='5A Intra'!BI32 | H29: ='5A Intra'!BJ32 | I29: ='5A Intra'!BK32 | J29: ='5A Intra'!BL32 | ... O29: ='5A Intra'!BQ32
A30: 5th Sem B — Intra | B30: ='5B Intra'!E33 | C30: ='5B Intra'!BE32 | D30: ='5B Intra'!BF32 | E30: ='5B Intra'!BG32 | F30: ='5B Intra'!BH32 | G30: ='5B Intra'!BI32 | H30: ='5B Intra'!BJ32 | I30: ='5B Intra'!BK32 | J30: ='5B Intra'!BL32 | ... O30: ='5B Intra'!BQ32
A31: 5th Sem — Inter-Section | B31: ='5 Inter'!E23 | C31: ='5 Inter'!BE22 | D31: ='5 Inter'!BF22 | E31: ='5 Inter'!BG22 | F31: ='5 Inter'!BH22 | G31: ='5 Inter'!BI22 | H31: ='5 Inter'!BJ22 | I31: ='5 Inter'!BK22 | J31: ='5 Inter'!BL22 | ... O31: ='5 Inter'!BQ22
A32: Overall attainment level | B32: =B22 | C32: =IF(C22="","",IF(C22>=Mapping!$C$8,3,IF(C22>=Mapping!$C$9,2,IF(C22>=Mapping!$C$10,1,0)))) | D32: =IF(D22="","",IF(D22>=Mapping!$C$8,3,IF(D22>=Mapping!$C$9,2,IF(D22>=Mapping!$C$10,1,0)))) | E32: =IF(E22="","",IF(E22>=Mapping!$C$8,3,IF(E22>=Mapping!$C$9,2,IF(E22>=Mapping!$C$10,1,0)))) | F32: =IF(F22="","",IF(F22>=Mapping!$C$8,3,IF(F22>=Mapping!$C$9,2,IF(F22>=Mapping!$C$10,1,0)))) | G32: =IF(G22="","",IF(G22>=Mapping!$C$8,3,IF(G22>=Mapping!$C$9,2,IF(G22>=Mapping!$C$10,1,0)))) | H32: =IF(H22="","",IF(H22>=Mapping!$C$8,3,IF(H22>=Mapping!$C$9,2,IF(H22>=Mapping!$C$10,1,0)))) | I32: =IF(I22="","",IF(I22>=Mapping!$C$8,3,IF(I22>=Mapping!$C$9,2,IF(I22>=Mapping!$C$10,1,0)))) | J32: =IF(J22="","",IF(J22>=Mapping!$C$8,3,IF(J22>=Mapping!$C$9,2,IF(J22>=Mapping!$C$10,1,0)))) | ... O32: =IF(O22="","",IF(O22>=Mapping!$C$8,3,IF(O22>=Mapping!$C$9,2,IF(O22>=Mapping!$C$10,1,0))))
A34: Table 4 — SDG attainment by event (contribution strength, 0–3)
A35: Event | B35: Team–SDG pairs claimed | C35: Pairs rated | D35: Avg contribution strength (0–3) | E35: % rated at/above target strength
A36: 3rd Sem A — Intra | B36: ='3A Intra'!E37 | C36: ='3A Intra'!E36 | D36: ='3A Intra'!E34 | E36: ='3A Intra'!E35
A37: 3rd Sem B — Intra | B37: ='3B Intra'!E37 | C37: ='3B Intra'!E36 | D37: ='3B Intra'!E34 | E37: ='3B Intra'!E35
A38: 3rd Sem — Inter-Section | B38: ='3 Inter'!E27 | C38: ='3 Inter'!E26 | D38: ='3 Inter'!E24 | E38: ='3 Inter'!E25
A39: 5th Sem A — Intra | B39: ='5A Intra'!E37 | C39: ='5A Intra'!E36 | D39: ='5A Intra'!E34 | E39: ='5A Intra'!E35
A40: 5th Sem B — Intra | B40: ='5B Intra'!E37 | C40: ='5B Intra'!E36 | D40: ='5B Intra'!E34 | E40: ='5B Intra'!E35
A41: 5th Sem — Inter-Section | B41: ='5 Inter'!E27 | C41: ='5 Inter'!E26 | D41: ='5 Inter'!E24 | E41: ='5 Inter'!E25
A42: Overall (all rated pairs) | B42: =SUM(B36:B41) | C42: =SUM(C36:C41) | D42: =IFERROR(SUMPRODUCT(D36:D41,C36:C41)/C42,"") | E42: =IFERROR(SUMPRODUCT(E36:E41,C36:C41)/C42,"")
A45: Table 5 — SDG goal-wise attainment, all events (contribution strength, 0–3)
A46: Sustainable Development Goal | B46: 3rd Sem A — Intra: solutions | C46: 3rd Sem B — Intra: solutions | D46: 3rd Sem — Inter-Section: solutions | E46: 5th Sem A — Intra: solutions | F46: 5th Sem B — Intra: solutions | G46: 5th Sem — Inter-Section: solutions | H46: Total solutions | I46: Solutions rated | J46: Avg contribution strength (0–3) | K46: % rated at/above target strength
A47: ='SDG List'!A2 | B47: ='3A Intra'!E41 | C47: ='3B Intra'!E41 | D47: ='3 Inter'!E31 | E47: ='5A Intra'!E41 | F47: ='5B Intra'!E41 | G47: ='5 Inter'!E31 | H47: =SUM(B47:G47) | I47: ='3A Intra'!F41+'3B Intra'!F41+'3 Inter'!F31+'5A Intra'!F41+'5B Intra'!F41+'5 Inter'!F31 | J47: =IFERROR((N('3A Intra'!G41)*'3A Intra'!F41+N('3B Intra'!G41)*'3B Intra'!F41+N('3 Inter'!G31)*'3 Inter'!F31+N('5A Intra'!G41)*'5A Intra'!F41+N('5B Intra'!G41)*'5B Intra'!F41+N('5 Inter'!G31)*'5 Inter'!F31)/I47,"") | K47: =IFERROR((N('3A Intra'!H41)*'3A Intra'!F41+N('3B Intra'!H41)*'3B Intra'!F41+N('3 Inter'!H31)*'3 Inter'!F31+N('5A Intra'!H41)*'5A Intra'!F41+N('5B Intra'!H41)*'5B Intra'!F41+N('5 Inter'!H31)*'5 Inter'!F31)/I47,"")
A48: ='SDG List'!A3 | B48: ='3A Intra'!E42 | C48: ='3B Intra'!E42 | D48: ='3 Inter'!E32 | E48: ='5A Intra'!E42 | F48: ='5B Intra'!E42 | G48: ='5 Inter'!E32 | H48: =SUM(B48:G48) | I48: ='3A Intra'!F42+'3B Intra'!F42+'3 Inter'!F32+'5A Intra'!F42+'5B Intra'!F42+'5 Inter'!F32 | J48: =IFERROR((N('3A Intra'!G42)*'3A Intra'!F42+N('3B Intra'!G42)*'3B Intra'!F42+N('3 Inter'!G32)*'3 Inter'!F32+N('5A Intra'!G42)*'5A Intra'!F42+N('5B Intra'!G42)*'5B Intra'!F42+N('5 Inter'!G32)*'5 Inter'!F32)/I48,"") | K48: =IFERROR((N('3A Intra'!H42)*'3A Intra'!F42+N('3B Intra'!H42)*'3B Intra'!F42+N('3 Inter'!H32)*'3 Inter'!F32+N('5A Intra'!H42)*'5A Intra'!F42+N('5B Intra'!H42)*'5B Intra'!F42+N('5 Inter'!H32)*'5 Inter'!F32)/I48,"")
A49: ='SDG List'!A4 | B49: ='3A Intra'!E43 | C49: ='3B Intra'!E43 | D49: ='3 Inter'!E33 | E49: ='5A Intra'!E43 | F49: ='5B Intra'!E43 | G49: ='5 Inter'!E33 | H49: =SUM(B49:G49) | I49: ='3A Intra'!F43+'3B Intra'!F43+'3 Inter'!F33+'5A Intra'!F43+'5B Intra'!F43+'5 Inter'!F33 | J49: =IFERROR((N('3A Intra'!G43)*'3A Intra'!F43+N('3B Intra'!G43)*'3B Intra'!F43+N('3 Inter'!G33)*'3 Inter'!F33+N('5A Intra'!G43)*'5A Intra'!F43+N('5B Intra'!G43)*'5B Intra'!F43+N('5 Inter'!G33)*'5 Inter'!F33)/I49,"") | K49: =IFERROR((N('3A Intra'!H43)*'3A Intra'!F43+N('3B Intra'!H43)*'3B Intra'!F43+N('3 Inter'!H33)*'3 Inter'!F33+N('5A Intra'!H43)*'5A Intra'!F43+N('5B Intra'!H43)*'5B Intra'!F43+N('5 Inter'!H33)*'5 Inter'!F33)/I49,"")
A50: ='SDG List'!A5 | B50: ='3A Intra'!E44 | C50: ='3B Intra'!E44 | D50: ='3 Inter'!E34 | E50: ='5A Intra'!E44 | F50: ='5B Intra'!E44 | G50: ='5 Inter'!E34 | H50: =SUM(B50:G50) | I50: ='3A Intra'!F44+'3B Intra'!F44+'3 Inter'!F34+'5A Intra'!F44+'5B Intra'!F44+'5 Inter'!F34 | J50: =IFERROR((N('3A Intra'!G44)*'3A Intra'!F44+N('3B Intra'!G44)*'3B Intra'!F44+N('3 Inter'!G34)*'3 Inter'!F34+N('5A Intra'!G44)*'5A Intra'!F44+N('5B Intra'!G44)*'5B Intra'!F44+N('5 Inter'!G34)*'5 Inter'!F34)/I50,"") | K50: =IFERROR((N('3A Intra'!H44)*'3A Intra'!F44+N('3B Intra'!H44)*'3B Intra'!F44+N('3 Inter'!H34)*'3 Inter'!F34+N('5A Intra'!H44)*'5A Intra'!F44+N('5B Intra'!H44)*'5B Intra'!F44+N('5 Inter'!H34)*'5 Inter'!F34)/I50,"")
A51: ='SDG List'!A6 | B51: ='3A Intra'!E45 | C51: ='3B Intra'!E45 | D51: ='3 Inter'!E35 | E51: ='5A Intra'!E45 | F51: ='5B Intra'!E45 | G51: ='5 Inter'!E35 | H51: =SUM(B51:G51) | I51: ='3A Intra'!F45+'3B Intra'!F45+'3 Inter'!F35+'5A Intra'!F45+'5B Intra'!F45+'5 Inter'!F35 | J51: =IFERROR((N('3A Intra'!G45)*'3A Intra'!F45+N('3B Intra'!G45)*'3B Intra'!F45+N('3 Inter'!G35)*'3 Inter'!F35+N('5A Intra'!G45)*'5A Intra'!F45+N('5B Intra'!G45)*'5B Intra'!F45+N('5 Inter'!G35)*'5 Inter'!F35)/I51,"") | K51: =IFERROR((N('3A Intra'!H45)*'3A Intra'!F45+N('3B Intra'!H45)*'3B Intra'!F45+N('3 Inter'!H35)*'3 Inter'!F35+N('5A Intra'!H45)*'5A Intra'!F45+N('5B Intra'!H45)*'5B Intra'!F45+N('5 Inter'!H35)*'5 Inter'!F35)/I51,"")
A52: ='SDG List'!A7 | B52: ='3A Intra'!E46 | C52: ='3B Intra'!E46 | D52: ='3 Inter'!E36 | E52: ='5A Intra'!E46 | F52: ='5B Intra'!E46 | G52: ='5 Inter'!E36 | H52: =SUM(B52:G52) | I52: ='3A Intra'!F46+'3B Intra'!F46+'3 Inter'!F36+'5A Intra'!F46+'5B Intra'!F46+'5 Inter'!F36 | J52: =IFERROR((N('3A Intra'!G46)*'3A Intra'!F46+N('3B Intra'!G46)*'3B Intra'!F46+N('3 Inter'!G36)*'3 Inter'!F36+N('5A Intra'!G46)*'5A Intra'!F46+N('5B Intra'!G46)*'5B Intra'!F46+N('5 Inter'!G36)*'5 Inter'!F36)/I52,"") | K52: =IFERROR((N('3A Intra'!H46)*'3A Intra'!F46+N('3B Intra'!H46)*'3B Intra'!F46+N('3 Inter'!H36)*'3 Inter'!F36+N('5A Intra'!H46)*'5A Intra'!F46+N('5B Intra'!H46)*'5B Intra'!F46+N('5 Inter'!H36)*'5 Inter'!F36)/I52,"")
A53: ='SDG List'!A8 | B53: ='3A Intra'!E47 | C53: ='3B Intra'!E47 | D53: ='3 Inter'!E37 | E53: ='5A Intra'!E47 | F53: ='5B Intra'!E47 | G53: ='5 Inter'!E37 | H53: =SUM(B53:G53) | I53: ='3A Intra'!F47+'3B Intra'!F47+'3 Inter'!F37+'5A Intra'!F47+'5B Intra'!F47+'5 Inter'!F37 | J53: =IFERROR((N('3A Intra'!G47)*'3A Intra'!F47+N('3B Intra'!G47)*'3B Intra'!F47+N('3 Inter'!G37)*'3 Inter'!F37+N('5A Intra'!G47)*'5A Intra'!F47+N('5B Intra'!G47)*'5B Intra'!F47+N('5 Inter'!G37)*'5 Inter'!F37)/I53,"") | K53: =IFERROR((N('3A Intra'!H47)*'3A Intra'!F47+N('3B Intra'!H47)*'3B Intra'!F47+N('3 Inter'!H37)*'3 Inter'!F37+N('5A Intra'!H47)*'5A Intra'!F47+N('5B Intra'!H47)*'5B Intra'!F47+N('5 Inter'!H37)*'5 Inter'!F37)/I53,"")
A54: ='SDG List'!A9 | B54: ='3A Intra'!E48 | C54: ='3B Intra'!E48 | D54: ='3 Inter'!E38 | E54: ='5A Intra'!E48 | F54: ='5B Intra'!E48 | G54: ='5 Inter'!E38 | H54: =SUM(B54:G54) | I54: ='3A Intra'!F48+'3B Intra'!F48+'3 Inter'!F38+'5A Intra'!F48+'5B Intra'!F48+'5 Inter'!F38 | J54: =IFERROR((N('3A Intra'!G48)*'3A Intra'!F48+N('3B Intra'!G48)*'3B Intra'!F48+N('3 Inter'!G38)*'3 Inter'!F38+N('5A Intra'!G48)*'5A Intra'!F48+N('5B Intra'!G48)*'5B Intra'!F48+N('5 Inter'!G38)*'5 Inter'!F38)/I54,"") | K54: =IFERROR((N('3A Intra'!H48)*'3A Intra'!F48+N('3B Intra'!H48)*'3B Intra'!F48+N('3 Inter'!H38)*'3 Inter'!F38+N('5A Intra'!H48)*'5A Intra'!F48+N('5B Intra'!H48)*'5B Intra'!F48+N('5 Inter'!H38)*'5 Inter'!F38)/I54,"")
A55: ='SDG List'!A10 | B55: ='3A Intra'!E49 | C55: ='3B Intra'!E49 | D55: ='3 Inter'!E39 | E55: ='5A Intra'!E49 | F55: ='5B Intra'!E49 | G55: ='5 Inter'!E39 | H55: =SUM(B55:G55) | I55: ='3A Intra'!F49+'3B Intra'!F49+'3 Inter'!F39+'5A Intra'!F49+'5B Intra'!F49+'5 Inter'!F39 | J55: =IFERROR((N('3A Intra'!G49)*'3A Intra'!F49+N('3B Intra'!G49)*'3B Intra'!F49+N('3 Inter'!G39)*'3 Inter'!F39+N('5A Intra'!G49)*'5A Intra'!F49+N('5B Intra'!G49)*'5B Intra'!F49+N('5 Inter'!G39)*'5 Inter'!F39)/I55,"") | K55: =IFERROR((N('3A Intra'!H49)*'3A Intra'!F49+N('3B Intra'!H49)*'3B Intra'!F49+N('3 Inter'!H39)*'3 Inter'!F39+N('5A Intra'!H49)*'5A Intra'!F49+N('5B Intra'!H49)*'5B Intra'!F49+N('5 Inter'!H39)*'5 Inter'!F39)/I55,"")
A56: ='SDG List'!A11 | B56: ='3A Intra'!E50 | C56: ='3B Intra'!E50 | D56: ='3 Inter'!E40 | E56: ='5A Intra'!E50 | F56: ='5B Intra'!E50 | G56: ='5 Inter'!E40 | H56: =SUM(B56:G56) | I56: ='3A Intra'!F50+'3B Intra'!F50+'3 Inter'!F40+'5A Intra'!F50+'5B Intra'!F50+'5 Inter'!F40 | J56: =IFERROR((N('3A Intra'!G50)*'3A Intra'!F50+N('3B Intra'!G50)*'3B Intra'!F50+N('3 Inter'!G40)*'3 Inter'!F40+N('5A Intra'!G50)*'5A Intra'!F50+N('5B Intra'!G50)*'5B Intra'!F50+N('5 Inter'!G40)*'5 Inter'!F40)/I56,"") | K56: =IFERROR((N('3A Intra'!H50)*'3A Intra'!F50+N('3B Intra'!H50)*'3B Intra'!F50+N('3 Inter'!H40)*'3 Inter'!F40+N('5A Intra'!H50)*'5A Intra'!F50+N('5B Intra'!H50)*'5B Intra'!F50+N('5 Inter'!H40)*'5 Inter'!F40)/I56,"")
A57: ='SDG List'!A12 | B57: ='3A Intra'!E51 | C57: ='3B Intra'!E51 | D57: ='3 Inter'!E41 | E57: ='5A Intra'!E51 | F57: ='5B Intra'!E51 | G57: ='5 Inter'!E41 | H57: =SUM(B57:G57) | I57: ='3A Intra'!F51+'3B Intra'!F51+'3 Inter'!F41+'5A Intra'!F51+'5B Intra'!F51+'5 Inter'!F41 | J57: =IFERROR((N('3A Intra'!G51)*'3A Intra'!F51+N('3B Intra'!G51)*'3B Intra'!F51+N('3 Inter'!G41)*'3 Inter'!F41+N('5A Intra'!G51)*'5A Intra'!F51+N('5B Intra'!G51)*'5B Intra'!F51+N('5 Inter'!G41)*'5 Inter'!F41)/I57,"") | K57: =IFERROR((N('3A Intra'!H51)*'3A Intra'!F51+N('3B Intra'!H51)*'3B Intra'!F51+N('3 Inter'!H41)*'3 Inter'!F41+N('5A Intra'!H51)*'5A Intra'!F51+N('5B Intra'!H51)*'5B Intra'!F51+N('5 Inter'!H41)*'5 Inter'!F41)/I57,"")
A58: ='SDG List'!A13 | B58: ='3A Intra'!E52 | C58: ='3B Intra'!E52 | D58: ='3 Inter'!E42 | E58: ='5A Intra'!E52 | F58: ='5B Intra'!E52 | G58: ='5 Inter'!E42 | H58: =SUM(B58:G58) | I58: ='3A Intra'!F52+'3B Intra'!F52+'3 Inter'!F42+'5A Intra'!F52+'5B Intra'!F52+'5 Inter'!F42 | J58: =IFERROR((N('3A Intra'!G52)*'3A Intra'!F52+N('3B Intra'!G52)*'3B Intra'!F52+N('3 Inter'!G42)*'3 Inter'!F42+N('5A Intra'!G52)*'5A Intra'!F52+N('5B Intra'!G52)*'5B Intra'!F52+N('5 Inter'!G42)*'5 Inter'!F42)/I58,"") | K58: =IFERROR((N('3A Intra'!H52)*'3A Intra'!F52+N('3B Intra'!H52)*'3B Intra'!F52+N('3 Inter'!H42)*'3 Inter'!F42+N('5A Intra'!H52)*'5A Intra'!F52+N('5B Intra'!H52)*'5B Intra'!F52+N('5 Inter'!H42)*'5 Inter'!F42)/I58,"")
... A63: ='SDG List'!A18 | B63: ='3A Intra'!E57 | C63: ='3B Intra'!E57 | D63: ='3 Inter'!E47 | E63: ='5A Intra'!E57 | F63: ='5B Intra'!E57 | G63: ='5 Inter'!E47 | H63: =SUM(B63:G63) | I63: ='3A Intra'!F57+'3B Intra'!F57+'3 Inter'!F47+'5A Intra'!F57+'5B Intra'!F57+'5 Inter'!F47 | J63: =IFERROR((N('3A Intra'!G57)*'3A Intra'!F57+N('3B Intra'!G57)*'3B Intra'!F57+N('3 Inter'!G47)*'3 Inter'!F47+N('5A Intra'!G57)*'5A Intra'!F57+N('5B Intra'!G57)*'5B Intra'!F57+N('5 Inter'!G47)*'5 Inter'!F47)/I63,"") | K63: =IFERROR((N('3A Intra'!H57)*'3A Intra'!F57+N('3B Intra'!H57)*'3B Intra'!F57+N('3 Inter'!H47)*'3 Inter'!F47+N('5A Intra'!H57)*'5A Intra'!F57+N('5B Intra'!H57)*'5B Intra'!F57+N('5 Inter'!H47)*'5 Inter'!F47)/I63,"")
A64: Total | B64: =SUM(B47:B63) | C64: =SUM(C47:C63) | D64: =SUM(D47:D63) | E64: =SUM(E47:E63) | F64: =SUM(F47:F63) | G64: =SUM(G47:G63) | H64: =SUM(H47:H63) | I64: =SUM(I47:I63)
A67: Table 6 — Shortlisted teams (auto-ranked; ties broken by Technical Implementation score)
A68: Rank | B68: 3rd Sem A — Intra | D68: 3rd Sem B — Intra | F68: 3rd Sem — Inter-Section | H68: 5th Sem A — Intra | J68: 5th Sem B — Intra | L68: 5th Sem — Inter-Section
B69: Team | C69: Score | D69: Team | E69: Score | F69: Team | G69: Score | H69: Team | I69: Score | J69: Team | K69: Score | L69: Team | M69: Score
A70: 1 | B70: =IFERROR(INDEX('3A Intra'!$D$7:$D$26,MATCH($A70,'3A Intra'!$BC$7:$BC$26,0))&"","") | C70: =IFERROR(INDEX('3A Intra'!$BA$7:$BA$26,MATCH($A70,'3A Intra'!$BC$7:$BC$26,0)),"") | D70: =IFERROR(INDEX('3B Intra'!$D$7:$D$26,MATCH($A70,'3B Intra'!$BC$7:$BC$26,0))&"","") | E70: =IFERROR(INDEX('3B Intra'!$BA$7:$BA$26,MATCH($A70,'3B Intra'!$BC$7:$BC$26,0)),"") | F70: =IFERROR(INDEX('3 Inter'!$D$7:$D$16,MATCH($A70,'3 Inter'!$BC$7:$BC$16,0))&"","") | G70: =IFERROR(INDEX('3 Inter'!$BA$7:$BA$16,MATCH($A70,'3 Inter'!$BC$7:$BC$16,0)),"") | H70: =IFERROR(INDEX('5A Intra'!$D$7:$D$26,MATCH($A70,'5A Intra'!$BC$7:$BC$26,0))&"","") | I70: =IFERROR(INDEX('5A Intra'!$BA$7:$BA$26,MATCH($A70,'5A Intra'!$BC$7:$BC$26,0)),"") | J70: =IFERROR(INDEX('5B Intra'!$D$7:$D$26,MATCH($A70,'5B Intra'!$BC$7:$BC$26,0))&"","") | K70: =IFERROR(INDEX('5B Intra'!$BA$7:$BA$26,MATCH($A70,'5B Intra'!$BC$7:$BC$26,0)),"") | L70: =IFERROR(INDEX('5 Inter'!$D$7:$D$16,MATCH($A70,'5 Inter'!$BC$7:$BC$16,0))&"","") | M70: =IFERROR(INDEX('5 Inter'!$BA$7:$BA$16,MATCH($A70,'5 Inter'!$BC$7:$BC$16,0)),"")
A71: 2 | B71: =IFERROR(INDEX('3A Intra'!$D$7:$D$26,MATCH($A71,'3A Intra'!$BC$7:$BC$26,0))&"","") | C71: =IFERROR(INDEX('3A Intra'!$BA$7:$BA$26,MATCH($A71,'3A Intra'!$BC$7:$BC$26,0)),"") | D71: =IFERROR(INDEX('3B Intra'!$D$7:$D$26,MATCH($A71,'3B Intra'!$BC$7:$BC$26,0))&"","") | E71: =IFERROR(INDEX('3B Intra'!$BA$7:$BA$26,MATCH($A71,'3B Intra'!$BC$7:$BC$26,0)),"") | F71: =IFERROR(INDEX('3 Inter'!$D$7:$D$16,MATCH($A71,'3 Inter'!$BC$7:$BC$16,0))&"","") | G71: =IFERROR(INDEX('3 Inter'!$BA$7:$BA$16,MATCH($A71,'3 Inter'!$BC$7:$BC$16,0)),"") | H71: =IFERROR(INDEX('5A Intra'!$D$7:$D$26,MATCH($A71,'5A Intra'!$BC$7:$BC$26,0))&"","") | I71: =IFERROR(INDEX('5A Intra'!$BA$7:$BA$26,MATCH($A71,'5A Intra'!$BC$7:$BC$26,0)),"") | J71: =IFERROR(INDEX('5B Intra'!$D$7:$D$26,MATCH($A71,'5B Intra'!$BC$7:$BC$26,0))&"","") | K71: =IFERROR(INDEX('5B Intra'!$BA$7:$BA$26,MATCH($A71,'5B Intra'!$BC$7:$BC$26,0)),"") | L71: =IFERROR(INDEX('5 Inter'!$D$7:$D$16,MATCH($A71,'5 Inter'!$BC$7:$BC$16,0))&"","") | M71: =IFERROR(INDEX('5 Inter'!$BA$7:$BA$16,MATCH($A71,'5 Inter'!$BC$7:$BC$16,0)),"")
A72: 3 | B72: =IFERROR(INDEX('3A Intra'!$D$7:$D$26,MATCH($A72,'3A Intra'!$BC$7:$BC$26,0))&"","") | C72: =IFERROR(INDEX('3A Intra'!$BA$7:$BA$26,MATCH($A72,'3A Intra'!$BC$7:$BC$26,0)),"") | D72: =IFERROR(INDEX('3B Intra'!$D$7:$D$26,MATCH($A72,'3B Intra'!$BC$7:$BC$26,0))&"","") | E72: =IFERROR(INDEX('3B Intra'!$BA$7:$BA$26,MATCH($A72,'3B Intra'!$BC$7:$BC$26,0)),"") | F72: =IFERROR(INDEX('3 Inter'!$D$7:$D$16,MATCH($A72,'3 Inter'!$BC$7:$BC$16,0))&"","") | G72: =IFERROR(INDEX('3 Inter'!$BA$7:$BA$16,MATCH($A72,'3 Inter'!$BC$7:$BC$16,0)),"") | H72: =IFERROR(INDEX('5A Intra'!$D$7:$D$26,MATCH($A72,'5A Intra'!$BC$7:$BC$26,0))&"","") | I72: =IFERROR(INDEX('5A Intra'!$BA$7:$BA$26,MATCH($A72,'5A Intra'!$BC$7:$BC$26,0)),"") | J72: =IFERROR(INDEX('5B Intra'!$D$7:$D$26,MATCH($A72,'5B Intra'!$BC$7:$BC$26,0))&"","") | K72: =IFERROR(INDEX('5B Intra'!$BA$7:$BA$26,MATCH($A72,'5B Intra'!$BC$7:$BC$26,0)),"") | L72: =IFERROR(INDEX('5 Inter'!$D$7:$D$16,MATCH($A72,'5 Inter'!$BC$7:$BC$16,0))&"","") | M72: =IFERROR(INDEX('5 Inter'!$BA$7:$BA$16,MATCH($A72,'5 Inter'!$BC$7:$BC$16,0)),"")
A73: 4 | B73: =IFERROR(INDEX('3A Intra'!$D$7:$D$26,MATCH($A73,'3A Intra'!$BC$7:$BC$26,0))&"","") | C73: =IFERROR(INDEX('3A Intra'!$BA$7:$BA$26,MATCH($A73,'3A Intra'!$BC$7:$BC$26,0)),"") | D73: =IFERROR(INDEX('3B Intra'!$D$7:$D$26,MATCH($A73,'3B Intra'!$BC$7:$BC$26,0))&"","") | E73: =IFERROR(INDEX('3B Intra'!$BA$7:$BA$26,MATCH($A73,'3B Intra'!$BC$7:$BC$26,0)),"") | F73: =IFERROR(INDEX('3 Inter'!$D$7:$D$16,MATCH($A73,'3 Inter'!$BC$7:$BC$16,0))&"","") | G73: =IFERROR(INDEX('3 Inter'!$BA$7:$BA$16,MATCH($A73,'3 Inter'!$BC$7:$BC$16,0)),"") | H73: =IFERROR(INDEX('5A Intra'!$D$7:$D$26,MATCH($A73,'5A Intra'!$BC$7:$BC$26,0))&"","") | I73: =IFERROR(INDEX('5A Intra'!$BA$7:$BA$26,MATCH($A73,'5A Intra'!$BC$7:$BC$26,0)),"") | J73: =IFERROR(INDEX('5B Intra'!$D$7:$D$26,MATCH($A73,'5B Intra'!$BC$7:$BC$26,0))&"","") | K73: =IFERROR(INDEX('5B Intra'!$BA$7:$BA$26,MATCH($A73,'5B Intra'!$BC$7:$BC$26,0)),"") | L73: =IFERROR(INDEX('5 Inter'!$D$7:$D$16,MATCH($A73,'5 Inter'!$BC$7:$BC$16,0))&"","") | M73: =IFERROR(INDEX('5 Inter'!$BA$7:$BA$16,MATCH($A73,'5 Inter'!$BC$7:$BC$16,0)),"")
A74: 5 | B74: =IFERROR(INDEX('3A Intra'!$D$7:$D$26,MATCH($A74,'3A Intra'!$BC$7:$BC$26,0))&"","") | C74: =IFERROR(INDEX('3A Intra'!$BA$7:$BA$26,MATCH($A74,'3A Intra'!$BC$7:$BC$26,0)),"") | D74: =IFERROR(INDEX('3B Intra'!$D$7:$D$26,MATCH($A74,'3B Intra'!$BC$7:$BC$26,0))&"","") | E74: =IFERROR(INDEX('3B Intra'!$BA$7:$BA$26,MATCH($A74,'3B Intra'!$BC$7:$BC$26,0)),"") | F74: =IFERROR(INDEX('3 Inter'!$D$7:$D$16,MATCH($A74,'3 Inter'!$BC$7:$BC$16,0))&"","") | G74: =IFERROR(INDEX('3 Inter'!$BA$7:$BA$16,MATCH($A74,'3 Inter'!$BC$7:$BC$16,0)),"") | H74: =IFERROR(INDEX('5A Intra'!$D$7:$D$26,MATCH($A74,'5A Intra'!$BC$7:$BC$26,0))&"","") | I74: =IFERROR(INDEX('5A Intra'!$BA$7:$BA$26,MATCH($A74,'5A Intra'!$BC$7:$BC$26,0)),"") | J74: =IFERROR(INDEX('5B Intra'!$D$7:$D$26,MATCH($A74,'5B Intra'!$BC$7:$BC$26,0))&"","") | K74: =IFERROR(INDEX('5B Intra'!$BA$7:$BA$26,MATCH($A74,'5B Intra'!$BC$7:$BC$26,0)),"") | L74: =IFERROR(INDEX('5 Inter'!$D$7:$D$16,MATCH($A74,'5 Inter'!$BC$7:$BC$16,0))&"","") | M74: =IFERROR(INDEX('5 Inter'!$BA$7:$BA$16,MATCH($A74,'5 Inter'!$BC$7:$BC$16,0)),"")

Sheet Rubric
A1: =Mapping!$C$3&" — Evaluation Rubric (for Evaluators)"
A2: Score each criterion out of its Max Marks (decimals allowed). Use the descriptors to place the team in a band, then pick a mark inside that band's range.
A3: # | B3: Criterion | C3: Short Name | D3: Max Marks | E3: Excellent (90–100%) | F3: Good (70–89%) | G3: Satisfactory (50–69%) | H3: Needs Improvement (<50%) | I3: Mark bands (auto) | J3: Mapped PO / PSO (auto, correlation)
A4: 1 | B4: Problem Identification & SDG Relevance | C4: C1 Problem & SDG | D4: 10 | E4: Real, well-scoped problem explicitly linked to specific SDG targets (e.g., 6.1, 13.1); stakeholders and measurable impact indicators identified with evidence. | F4: Relevant problem mapped to an SDG goal; scope and stakeholders mostly clear; limited supporting evidence. | G4: Problem stated in general terms; SDG link is broad or superficial; scope vague. | H4: Problem unclear or trivial; no credible SDG connection. | I4: ="E: "&IF(ROUNDUP(0.9*D4,0)>=D4,D4&"",ROUNDUP(0.9*D4,0)&"–"&D4)&CHAR(10)&"G: "&IF(ROUNDUP(0.7*D4,0)>=(ROUNDUP(0.9*D4,0)-1),(ROUNDUP(0.9*D4,0)-1)&"",ROUNDUP(0.7*D4,0)&"–"&(ROUNDUP(0.9*D4,0)-1))&CHAR(10)&"S: "&IF(ROUNDUP(0.5*D4,0)>=(ROUNDUP(0.7*D4,0)-1),(ROUNDUP(0.7*D4,0)-1)&"",ROUNDUP(0.5*D4,0)&"–"&(ROUNDUP(0.7*D4,0)-1))&CHAR(10)&"NI: "&IF(0>=(ROUNDUP(0.5*D4,0)-1),(ROUNDUP(0.5*D4,0)-1)&"",0&"–"&(ROUNDUP(0.5*D4,0)-1)) | J4: =IF(N(Mapping!D15)>0,"PO1("&Mapping!D15&") ","")&IF(N(Mapping!E15)>0,"PO2("&Mapping!E15&") ","")&IF(N(Mapping!F15)>0,"PO3("&Mapping!F15&") ","")&IF(N(Mapping!G15)>0,"PO4("&Mapping!G15&") ","")&IF(N(Mapping!H15)>0,"PO5("&Mapping!H15&") ","")&IF(N(Mapping!I15)>0,"PO6("&Mapping!I15&") ","")&IF(N(Mapping!J15)>0,"PO7("&Mapping!J15&") ","")&IF(N(Mapping!K15)>0,"PO8("&Mapping!K15&") ","")&IF(N(Mapping!L15)>0,"PO9("&Mapping!L15&") ","")&IF(N(Mapping!M15)>0,"PO10("&Mapping!M15&") ","")&IF(N(Mapping!N15)>0,"PO11("&Mapping!N15&") ","")&IF(N(Mapping!O15)>0,"PSO1("&Mapping!O15&") ","")&IF(N(Mapping!P15)>0,"PSO2("&Mapping!P15&") ","")
A5: 2 | B5: Research & Analysis of Existing Solutions | C5: C2 Research & Analysis | D5: 10 | E5: Thorough review of existing solutions, data and literature; gaps clearly articulated and used to justify the proposal. | F5: Reviews key existing solutions and identifies some gaps. | G5: Limited survey; gaps asserted without evidence. | H5: No analysis of existing work or data. | I5: ="E: "&IF(ROUNDUP(0.9*D5,0)>=D5,D5&"",ROUNDUP(0.9*D5,0)&"–"&D5)&CHAR(10)&"G: "&IF(ROUNDUP(0.7*D5,0)>=(ROUNDUP(0.9*D5,0)-1),(ROUNDUP(0.9*D5,0)-1)&"",ROUNDUP(0.7*D5,0)&"–"&(ROUNDUP(0.9*D5,0)-1))&CHAR(10)&"S: "&IF(ROUNDUP(0.5*D5,0)>=(ROUNDUP(0.7*D5,0)-1),(ROUNDUP(0.7*D5,0)-1)&"",ROUNDUP(0.5*D5,0)&"–"&(ROUNDUP(0.7*D5,0)-1))&CHAR(10)&"NI: "&IF(0>=(ROUNDUP(0.5*D5,0)-1),(ROUNDUP(0.5*D5,0)-1)&"",0&"–"&(ROUNDUP(0.5*D5,0)-1)) | J5: =IF(N(Mapping!D16)>0,"PO1("&Mapping!D16&") ","")&IF(N(Mapping!E16)>0,"PO2("&Mapping!E16&") ","")&IF(N(Mapping!F16)>0,"PO3("&Mapping!F16&") ","")&IF(N(Mapping!G16)>0,"PO4("&Mapping!G16&") ","")&IF(N(Mapping!H16)>0,"PO5("&Mapping!H16&") ","")&IF(N(Mapping!I16)>0,"PO6("&Mapping!I16&") ","")&IF(N(Mapping!J16)>0,"PO7("&Mapping!J16&") ","")&IF(N(Mapping!K16)>0,"PO8("&Mapping!K16&") ","")&IF(N(Mapping!L16)>0,"PO9("&Mapping!L16&") ","")&IF(N(Mapping!M16)>0,"PO10("&Mapping!M16&") ","")&IF(N(Mapping!N16)>0,"PO11("&Mapping!N16&") ","")&IF(N(Mapping!O16)>0,"PSO1("&Mapping!O16&") ","")&IF(N(Mapping!P16)>0,"PSO2("&Mapping!P16&") ","")
A6: 3 | B6: Solution Design & Innovation | C6: C3 Design & Innovation | D6: 15 | E6: Original, well-architected solution (architecture/flow diagrams, modules, data flow); clearly innovative beyond existing approaches. | F6: Sound design with some novelty; architecture mostly complete. | G6: Conventional design with gaps; minimal innovation. | H6: No coherent design, or a copy of an existing solution. | I6: ="E: "&IF(ROUNDUP(0.9*D6,0)>=D6,D6&"",ROUNDUP(0.9*D6,0)&"–"&D6)&CHAR(10)&"G: "&IF(ROUNDUP(0.7*D6,0)>=(ROUNDUP(0.9*D6,0)-1),(ROUNDUP(0.9*D6,0)-1)&"",ROUNDUP(0.7*D6,0)&"–"&(ROUNDUP(0.9*D6,0)-1))&CHAR(10)&"S: "&IF(ROUNDUP(0.5*D6,0)>=(ROUNDUP(0.7*D6,0)-1),(ROUNDUP(0.7*D6,0)-1)&"",ROUNDUP(0.5*D6,0)&"–"&(ROUNDUP(0.7*D6,0)-1))&CHAR(10)&"NI: "&IF(0>=(ROUNDUP(0.5*D6,0)-1),(ROUNDUP(0.5*D6,0)-1)&"",0&"–"&(ROUNDUP(0.5*D6,0)-1)) | J6: =IF(N(Mapping!D17)>0,"PO1("&Mapping!D17&") ","")&IF(N(Mapping!E17)>0,"PO2("&Mapping!E17&") ","")&IF(N(Mapping!F17)>0,"PO3("&Mapping!F17&") ","")&IF(N(Mapping!G17)>0,"PO4("&Mapping!G17&") ","")&IF(N(Mapping!H17)>0,"PO5("&Mapping!H17&") ","")&IF(N(Mapping!I17)>0,"PO6("&Mapping!I17&") ","")&IF(N(Mapping!J17)>0,"PO7("&Mapping!J17&") ","")&IF(N(Mapping!K17)>0,"PO8("&Mapping!K17&") ","")&IF(N(Mapping!L17)>0,"PO9("&Mapping!L17&") ","")&IF(N(Mapping!M17)>0,"PO10("&Mapping!M17&") ","")&IF(N(Mapping!N17)>0,"PO11("&Mapping!N17&") ","")&IF(N(Mapping!O17)>0,"PSO1("&Mapping!O17&") ","")&IF(N(Mapping!P17)>0,"PSO2("&Mapping!P17&") ","")
A7: 4 | B7: Technical Implementation & Tool Usage | C7: C4 Implementation | D7: 20 | E7: Working prototype demonstrates core features end-to-end; modern tools/frameworks used effectively; clean, version-controlled code. | F7: Prototype works for most core features; appropriate tools used. | G7: Partial prototype or mock-up with limited functionality. | H7: No working implementation. | I7: ="E: "&IF(ROUNDUP(0.9*D7,0)>=D7,D7&"",ROUNDUP(0.9*D7,0)&"–"&D7)&CHAR(10)&"G: "&IF(ROUNDUP(0.7*D7,0)>=(ROUNDUP(0.9*D7,0)-1),(ROUNDUP(0.9*D7,0)-1)&"",ROUNDUP(0.7*D7,0)&"–"&(ROUNDUP(0.9*D7,0)-1))&CHAR(10)&"S: "&IF(ROUNDUP(0.5*D7,0)>=(ROUNDUP(0.7*D7,0)-1),(ROUNDUP(0.7*D7,0)-1)&"",ROUNDUP(0.5*D7,0)&"–"&(ROUNDUP(0.7*D7,0)-1))&CHAR(10)&"NI: "&IF(0>=(ROUNDUP(0.5*D7,0)-1),(ROUNDUP(0.5*D7,0)-1)&"",0&"–"&(ROUNDUP(0.5*D7,0)-1)) | J7: =IF(N(Mapping!D18)>0,"PO1("&Mapping!D18&") ","")&IF(N(Mapping!E18)>0,"PO2("&Mapping!E18&") ","")&IF(N(Mapping!F18)>0,"PO3("&Mapping!F18&") ","")&IF(N(Mapping!G18)>0,"PO4("&Mapping!G18&") ","")&IF(N(Mapping!H18)>0,"PO5("&Mapping!H18&") ","")&IF(N(Mapping!I18)>0,"PO6("&Mapping!I18&") ","")&IF(N(Mapping!J18)>0,"PO7("&Mapping!J18&") ","")&IF(N(Mapping!K18)>0,"PO8("&Mapping!K18&") ","")&IF(N(Mapping!L18)>0,"PO9("&Mapping!L18&") ","")&IF(N(Mapping!M18)>0,"PO10("&Mapping!M18&") ","")&IF(N(Mapping!N18)>0,"PO11("&Mapping!N18&") ","")&IF(N(Mapping!O18)>0,"PSO1("&Mapping!O18&") ","")&IF(N(Mapping!P18)>0,"PSO2("&Mapping!P18&") ","")
A8: 5 | B8: Intelligent & Smart System Features (AI/ML, IoT, Analytics) | C8: C5 Intelligent Features | D8: 10 | E8: Meaningful use of AI/ML, data analytics, IoT or automation with justified technology/model choice and measured performance. | F8: Intelligent component present and working; limited evaluation. | G8: Intelligent feature only proposed or rudimentary (hard-coded rules). | H8: No intelligent or data-driven element. | I8: ="E: "&IF(ROUNDUP(0.9*D8,0)>=D8,D8&"",ROUNDUP(0.9*D8,0)&"–"&D8)&CHAR(10)&"G: "&IF(ROUNDUP(0.7*D8,0)>=(ROUNDUP(0.9*D8,0)-1),(ROUNDUP(0.9*D8,0)-1)&"",ROUNDUP(0.7*D8,0)&"–"&(ROUNDUP(0.9*D8,0)-1))&CHAR(10)&"S: "&IF(ROUNDUP(0.5*D8,0)>=(ROUNDUP(0.7*D8,0)-1),(ROUNDUP(0.7*D8,0)-1)&"",ROUNDUP(0.5*D8,0)&"–"&(ROUNDUP(0.7*D8,0)-1))&CHAR(10)&"NI: "&IF(0>=(ROUNDUP(0.5*D8,0)-1),(ROUNDUP(0.5*D8,0)-1)&"",0&"–"&(ROUNDUP(0.5*D8,0)-1)) | J8: =IF(N(Mapping!D19)>0,"PO1("&Mapping!D19&") ","")&IF(N(Mapping!E19)>0,"PO2("&Mapping!E19&") ","")&IF(N(Mapping!F19)>0,"PO3("&Mapping!F19&") ","")&IF(N(Mapping!G19)>0,"PO4("&Mapping!G19&") ","")&IF(N(Mapping!H19)>0,"PO5("&Mapping!H19&") ","")&IF(N(Mapping!I19)>0,"PO6("&Mapping!I19&") ","")&IF(N(Mapping!J19)>0,"PO7("&Mapping!J19&") ","")&IF(N(Mapping!K19)>0,"PO8("&Mapping!K19&") ","")&IF(N(Mapping!L19)>0,"PO9("&Mapping!L19&") ","")&IF(N(Mapping!M19)>0,"PO10("&Mapping!M19&") ","")&IF(N(Mapping!N19)>0,"PO11("&Mapping!N19&") ","")&IF(N(Mapping!O19)>0,"PSO1("&Mapping!O19&") ","")&IF(N(Mapping!P19)>0,"PSO2("&Mapping!P19&") ","")
A9: 6 | B9: Sustainability, Societal Impact & Ethics | C9: C6 Impact & Ethics | D9: 10 | E9: Quantified social/environmental impact; addresses privacy, safety, inclusivity, bias and environmental footprint. | F9: Impact and ethical aspects discussed with some specifics. | G9: Impact claimed in general terms; ethics mentioned only briefly. | H9: Impact and ethical considerations ignored. | I9: ="E: "&IF(ROUNDUP(0.9*D9,0)>=D9,D9&"",ROUNDUP(0.9*D9,0)&"–"&D9)&CHAR(10)&"G: "&IF(ROUNDUP(0.7*D9,0)>=(ROUNDUP(0.9*D9,0)-1),(ROUNDUP(0.9*D9,0)-1)&"",ROUNDUP(0.7*D9,0)&"–"&(ROUNDUP(0.9*D9,0)-1))&CHAR(10)&"S: "&IF(ROUNDUP(0.5*D9,0)>=(ROUNDUP(0.7*D9,0)-1),(ROUNDUP(0.7*D9,0)-1)&"",ROUNDUP(0.5*D9,0)&"–"&(ROUNDUP(0.7*D9,0)-1))&CHAR(10)&"NI: "&IF(0>=(ROUNDUP(0.5*D9,0)-1),(ROUNDUP(0.5*D9,0)-1)&"",0&"–"&(ROUNDUP(0.5*D9,0)-1)) | J9: =IF(N(Mapping!D20)>0,"PO1("&Mapping!D20&") ","")&IF(N(Mapping!E20)>0,"PO2("&Mapping!E20&") ","")&IF(N(Mapping!F20)>0,"PO3("&Mapping!F20&") ","")&IF(N(Mapping!G20)>0,"PO4("&Mapping!G20&") ","")&IF(N(Mapping!H20)>0,"PO5("&Mapping!H20&") ","")&IF(N(Mapping!I20)>0,"PO6("&Mapping!I20&") ","")&IF(N(Mapping!J20)>0,"PO7("&Mapping!J20&") ","")&IF(N(Mapping!K20)>0,"PO8("&Mapping!K20&") ","")&IF(N(Mapping!L20)>0,"PO9("&Mapping!L20&") ","")&IF(N(Mapping!M20)>0,"PO10("&Mapping!M20&") ","")&IF(N(Mapping!N20)>0,"PO11("&Mapping!N20&") ","")&IF(N(Mapping!O20)>0,"PSO1("&Mapping!O20&") ","")&IF(N(Mapping!P20)>0,"PSO2("&Mapping!P20&") ","")
A10: 7 | B10: Feasibility, Scalability & Cost | C10: C7 Feasibility & Cost | D10: 10 | E10: Realistic deployment plan, cost estimate or business model, scalability path and risks identified. | F10: Feasible, with rough costing and some scalability considerations. | G10: Feasibility asserted; costing or scaling not addressed. | H10: Infeasible, or no deployment thinking. | I10: ="E: "&IF(ROUNDUP(0.9*D10,0)>=D10,D10&"",ROUNDUP(0.9*D10,0)&"–"&D10)&CHAR(10)&"G: "&IF(ROUNDUP(0.7*D10,0)>=(ROUNDUP(0.9*D10,0)-1),(ROUNDUP(0.9*D10,0)-1)&"",ROUNDUP(0.7*D10,0)&"–"&(ROUNDUP(0.9*D10,0)-1))&CHAR(10)&"S: "&IF(ROUNDUP(0.5*D10,0)>=(ROUNDUP(0.7*D10,0)-1),(ROUNDUP(0.7*D10,0)-1)&"",ROUNDUP(0.5*D10,0)&"–"&(ROUNDUP(0.7*D10,0)-1))&CHAR(10)&"NI: "&IF(0>=(ROUNDUP(0.5*D10,0)-1),(ROUNDUP(0.5*D10,0)-1)&"",0&"–"&(ROUNDUP(0.5*D10,0)-1)) | J10: =IF(N(Mapping!D21)>0,"PO1("&Mapping!D21&") ","")&IF(N(Mapping!E21)>0,"PO2("&Mapping!E21&") ","")&IF(N(Mapping!F21)>0,"PO3("&Mapping!F21&") ","")&IF(N(Mapping!G21)>0,"PO4("&Mapping!G21&") ","")&IF(N(Mapping!H21)>0,"PO5("&Mapping!H21&") ","")&IF(N(Mapping!I21)>0,"PO6("&Mapping!I21&") ","")&IF(N(Mapping!J21)>0,"PO7("&Mapping!J21&") ","")&IF(N(Mapping!K21)>0,"PO8("&Mapping!K21&") ","")&IF(N(Mapping!L21)>0,"PO9("&Mapping!L21&") ","")&IF(N(Mapping!M21)>0,"PO10("&Mapping!M21&") ","")&IF(N(Mapping!N21)>0,"PO11("&Mapping!N21&") ","")&IF(N(Mapping!O21)>0,"PSO1("&Mapping!O21&") ","")&IF(N(Mapping!P21)>0,"PSO2("&Mapping!P21&") ","")
A11: 8 | B11: Teamwork & Project Management | C11: C8 Teamwork | D11: 5 | E11: Clear roles and balanced contribution; planned timeline/task tracking evident; every member answers confidently. | F11: Roles defined; most members contribute. | G11: Uneven contribution; little evidence of planning. | H11: One or two members did most of the work; no planning. | I11: ="E: "&IF(ROUNDUP(0.9*D11,0)>=D11,D11&"",ROUNDUP(0.9*D11,0)&"–"&D11)&CHAR(10)&"G: "&IF(ROUNDUP(0.7*D11,0)>=(ROUNDUP(0.9*D11,0)-1),(ROUNDUP(0.9*D11,0)-1)&"",ROUNDUP(0.7*D11,0)&"–"&(ROUNDUP(0.9*D11,0)-1))&CHAR(10)&"S: "&IF(ROUNDUP(0.5*D11,0)>=(ROUNDUP(0.7*D11,0)-1),(ROUNDUP(0.7*D11,0)-1)&"",ROUNDUP(0.5*D11,0)&"–"&(ROUNDUP(0.7*D11,0)-1))&CHAR(10)&"NI: "&IF(0>=(ROUNDUP(0.5*D11,0)-1),(ROUNDUP(0.5*D11,0)-1)&"",0&"–"&(ROUNDUP(0.5*D11,0)-1)) | J11: =IF(N(Mapping!D22)>0,"PO1("&Mapping!D22&") ","")&IF(N(Mapping!E22)>0,"PO2("&Mapping!E22&") ","")&IF(N(Mapping!F22)>0,"PO3("&Mapping!F22&") ","")&IF(N(Mapping!G22)>0,"PO4("&Mapping!G22&") ","")&IF(N(Mapping!H22)>0,"PO5("&Mapping!H22&") ","")&IF(N(Mapping!I22)>0,"PO6("&Mapping!I22&") ","")&IF(N(Mapping!J22)>0,"PO7("&Mapping!J22&") ","")&IF(N(Mapping!K22)>0,"PO8("&Mapping!K22&") ","")&IF(N(Mapping!L22)>0,"PO9("&Mapping!L22&") ","")&IF(N(Mapping!M22)>0,"PO10("&Mapping!M22&") ","")&IF(N(Mapping!N22)>0,"PO11("&Mapping!N22&") ","")&IF(N(Mapping!O22)>0,"PSO1("&Mapping!O22&") ","")&IF(N(Mapping!P22)>0,"PSO2("&Mapping!P22&") ","")
A12: 9 | B12: Presentation, Demo & Q&A | C12: C9 Presentation & Q&A | D12: 10 | E12: Clear, time-bound pitch; compelling live demo; accurate, confident answers to technical questions. | F12: Clear presentation and demo; answers most questions. | G12: Presentation unclear or over time; weak answers. | H12: Disorganised; unable to answer questions. | I12: ="E: "&IF(ROUNDUP(0.9*D12,0)>=D12,D12&"",ROUNDUP(0.9*D12,0)&"–"&D12)&CHAR(10)&"G: "&IF(ROUNDUP(0.7*D12,0)>=(ROUNDUP(0.9*D12,0)-1),(ROUNDUP(0.9*D12,0)-1)&"",ROUNDUP(0.7*D12,0)&"–"&(ROUNDUP(0.9*D12,0)-1))&CHAR(10)&"S: "&IF(ROUNDUP(0.5*D12,0)>=(ROUNDUP(0.7*D12,0)-1),(ROUNDUP(0.7*D12,0)-1)&"",ROUNDUP(0.5*D12,0)&"–"&(ROUNDUP(0.7*D12,0)-1))&CHAR(10)&"NI: "&IF(0>=(ROUNDUP(0.5*D12,0)-1),(ROUNDUP(0.5*D12,0)-1)&"",0&"–"&(ROUNDUP(0.5*D12,0)-1)) | J12: =IF(N(Mapping!D23)>0,"PO1("&Mapping!D23&") ","")&IF(N(Mapping!E23)>0,"PO2("&Mapping!E23&") ","")&IF(N(Mapping!F23)>0,"PO3("&Mapping!F23&") ","")&IF(N(Mapping!G23)>0,"PO4("&Mapping!G23&") ","")&IF(N(Mapping!H23)>0,"PO5("&Mapping!H23&") ","")&IF(N(Mapping!I23)>0,"PO6("&Mapping!I23&") ","")&IF(N(Mapping!J23)>0,"PO7("&Mapping!J23&") ","")&IF(N(Mapping!K23)>0,"PO8("&Mapping!K23&") ","")&IF(N(Mapping!L23)>0,"PO9("&Mapping!L23&") ","")&IF(N(Mapping!M23)>0,"PO10("&Mapping!M23&") ","")&IF(N(Mapping!N23)>0,"PO11("&Mapping!N23&") ","")&IF(N(Mapping!O23)>0,"PSO1("&Mapping!O23&") ","")&IF(N(Mapping!P23)>0,"PSO2("&Mapping!P23&") ","")
C13: Total | D13: =SUM(D4:D12)
A16: SDG contribution strength — rate each SDG the team claims (primary and secondary) separately. Not part of the 100 marks.
A17: Rating | B17: Strength | C17: What the evaluator should see
A18: 3 | B18: High | C18: Directly advances a named SDG target (e.g. 6.1), with a measurable indicator and a working solution that plausibly moves it.
A19: 2 | B19: Medium | C19: Meaningfully supports the goal. The goal is clearly served, but the impact is described qualitatively or the target is only broadly named.
A20: 1 | B20: Low | C20: Indirect or enabling. The solution helps something else that in turn helps the goal, such as general awareness.
A21: 0 | B21: None | C21: Claimed but not shown. The SDG label does not match what the solution actually does.
A22: Rate the solution's contribution to that goal, not the overall quality of the project. Solution strength = average across evaluators; goal attainment = average over all solutions addressing the goal.

Sheet Mapping
A1: Settings & Rubric → PO / PSO Mapping Matrix
A3: Hackathon title | C3: SDG Hackathon 2026 | H3: Yellow cells are editable. Correlation strength: 3 = High, 2 = Medium, 1 = Low, blank/0 = not mapped.
A4: Institution | C4: Canara Engineering College, Mangaluru
A5: Department | C5: Artificial Intelligence and Machine Learning | H5: Attainment method: each team's outcome attainment = Σ(criterion score ÷ criterion max × correlation) ÷ Σ correlation. Event attainment level is set by the % of teams reaching the target score for that outcome. SDGs are not mapped here: evaluators rate each claimed SDG 0–3 on the event sheets and SDG attainment is the average strength.
A6: Academic year | C6: 2026-27
A7: Target score per team (% of maximum marks) | C7: 0.6
A8: Attainment Level 3 if % of teams at/above target ≥ | C8: 0.7
A9: Attainment Level 2 if % of teams at/above target ≥ | C9: 0.6
A10: Attainment Level 1 if % of teams at/above target ≥ | C10: 0.5
A11: Teams shortlisted per round (fixed at 5 by event format) | C11: 5
A12: SDG contribution counts as reached at strength ≥ (1–3) | C12: 2
A14: # | B14: Rubric Criterion | C14: Max Marks | D14: PO1 | E14: PO2 | F14: PO3 | G14: PO4 | H14: PO5 | I14: PO6 | J14: PO7 | K14: PO8 | L14: PO9 | M14: PO10 | N14: PO11 | O14: PSO1 | P14: PSO2
A15: 1 | B15: =Rubric!B4 | C15: =Rubric!D4 | D15: 1 | E15: 3 | G15: 1 | I15: 3 | N15: 1 | P15: 1
A16: 2 | B16: =Rubric!B5 | C16: =Rubric!D5 | D16: 2 | E16: 3 | G16: 3 | H16: 1 | I16: 1 | N16: 2
A17: 3 | B17: =Rubric!B6 | C17: =Rubric!D6 | D17: 2 | E17: 2 | F17: 3 | G17: 1 | I17: 1 | O17: 2 | P17: 3
A18: 4 | B18: =Rubric!B7 | C18: =Rubric!D7 | D18: 2 | F18: 2 | H18: 3 | K18: 1 | N18: 1 | O18: 3 | P18: 2
A19: 5 | B19: =Rubric!B8 | C19: =Rubric!D8 | D19: 2 | E19: 1 | F19: 1 | G19: 2 | H19: 2 | N19: 1 | O19: 3 | P19: 1
A20: 6 | B20: =Rubric!B9 | C20: =Rubric!D9 | F20: 1 | I20: 3 | J20: 3 | P20: 1
A21: 7 | B21: =Rubric!B10 | C21: =Rubric!D10 | F21: 1 | I21: 2 | M21: 3 | P21: 2
A22: 8 | B22: =Rubric!B11 | C22: =Rubric!D11 | J22: 1 | K22: 3 | L22: 1 | M22: 2
A23: 9 | B23: =Rubric!B12 | C23: =Rubric!D12 | K23: 2 | L23: 3 | N23: 1 | P23: 1
B24: Σ Correlation | D24: =SUM(D15:D23) | E24: =SUM(E15:E23) | F24: =SUM(F15:F23) | G24: =SUM(G15:G23) | H24: =SUM(H15:H23) | I24: =SUM(I15:I23) | J24: =SUM(J15:J23) | K24: =SUM(K15:K23) | ... P24: =SUM(P15:P23)
B25: No. of criteria mapped | D25: =COUNTIF(D15:D23,">0") | E25: =COUNTIF(E15:E23,">0") | F25: =COUNTIF(F15:F23,">0") | G25: =COUNTIF(G15:G23,">0") | H25: =COUNTIF(H15:H23,">0") | I25: =COUNTIF(I15:I23,">0") | J25: =COUNTIF(J15:J23,">0") | K25: =COUNTIF(K15:K23,">0") | ... P25: =COUNTIF(P15:P23,">0")
A27: Programme Outcomes and Programme Specific Outcomes
A28: PO1 | B28: Engineering Knowledge
A29: PO2 | B29: Problem Analysis
A30: PO3 | B30: Design/Development of Solutions
A31: PO4 | B31: Conduct Investigations of Complex Problems
A32: PO5 | B32: Engineering Tool Usage
A33: PO6 | B33: The Engineer and The World
A34: PO7 | B34: Ethics
A35: PO8 | B35: Individual and Collaborative Team Work
A36: PO9 | B36: Communication
A37: PO10 | B37: Project Management and Finance
A38: PO11 | B38: Life-Long Learning
A39: PSO1 | B39: Intelligent Systems: Select appropriate technologies to analyse, design, implement, and deployment of smart and intelligent systems
A40: PSO2 | B40: Contemporary Systems: Design, and development of efficient IT solutions for challenging issues through experiential learning

Sheet 3A Intra
A1: =Mapping!$C$3&" — 3rd Semester Section A — Intra-Class Hackathon" | AP1: =Mapping!$C$4&" | Dept. of "&Mapping!$C$5&" | AY "&Mapping!$C$6
A2: Date: | D2: Venue / Coordinator: | AP2: ="PO/PSO target per team: "&TEXT(Mapping!$C$7,"0%")&" | SDG reached at strength ≥ "&Mapping!$C$12&" | Shortlist: top "&Mapping!$C$11
D3: Evaluator names → | I3: Evaluator 1: | T3: Evaluator 2: | AE3: Evaluator 3:
A4: Team Details (Coordinator) | I4: Evaluator 1 — rubric marks, then SDG contribution strength (0–3) | T4: Evaluator 2 — rubric marks, then SDG contribution strength (0–3) | AE4: Evaluator 3 — rubric marks, then SDG contribution strength (0–3) | AP4: Consolidated rubric score (average of evaluators) | AY4: SDG strength (avg, 0–3) | BA4: Result | BE4: Programme Outcome attainment per team (%) | BP4: PSO attainment (%)
A5: S.No | B5: Section | C5: Team ID | D5: Team Name | E5: Team Members (USN / Name) | F5: Primary SDG | G5: Secondary SDG (optional) | H5: Problem Statement / Project Title | I5: =Rubric!C4 | J5: =Rubric!C5 | K5: =Rubric!C6 | L5: =Rubric!C7 | M5: =Rubric!C8 | N5: =Rubric!C9 | O5: =Rubric!C10 | P5: =Rubric!C11 | Q5: =Rubric!C12 | R5: Primary SDG strength | S5: Secondary SDG strength | T5: =Rubric!C4 | U5: =Rubric!C5 | V5: =Rubric!C6 | W5: =Rubric!C7 | X5: =Rubric!C8 | Y5: =Rubric!C9 | Z5: =Rubric!C10 | AA5: =Rubric!C11 | AB5: =Rubric!C12 | AC5: Primary SDG strength | AD5: Secondary SDG strength | AE5: =Rubric!C4 | AF5: =Rubric!C5 | AG5: =Rubric!C6 | AH5: =Rubric!C7 | AI5: =Rubric!C8 | AJ5: =Rubric!C9 | AK5: =Rubric!C10 | AL5: =Rubric!C11 | AM5: =Rubric!C12 | AN5: Primary SDG strength | AO5: Secondary SDG strength | AP5: =Rubric!C4 | AQ5: =Rubric!C5 | AR5: =Rubric!C6 | AS5: =Rubric!C7 | AT5: =Rubric!C8 | AU5: =Rubric!C9 | AV5: =Rubric!C10 | AW5: =Rubric!C11 | AX5: =Rubric!C12 | AY5: Primary SDG strength | AZ5: Secondary SDG strength | BA5: Total | BB5: Score % | BC5: Rank | BD5: Status | BE5: PO1 | BF5: PO2 | BG5: PO3 | BH5: PO4 | BI5: PO5 | BJ5: PO6 | BK5: PO7 | BL5: PO8 | BM5: PO9 | BN5: PO10 | BO5: PO11 | BP5: PSO1 | BQ5: PSO2
I6: =Rubric!D4 | J6: =Rubric!D5 | K6: =Rubric!D6 | L6: =Rubric!D7 | M6: =Rubric!D8 | N6: =Rubric!D9 | O6: =Rubric!D10 | P6: =Rubric!D11 | Q6: =Rubric!D12 | R6: 0–3 | S6: 0–3 | T6: =Rubric!D4 | U6: =Rubric!D5 | V6: =Rubric!D6 | W6: =Rubric!D7 | X6: =Rubric!D8 | Y6: =Rubric!D9 | Z6: =Rubric!D10 | AA6: =Rubric!D11 | AB6: =Rubric!D12 | AC6: 0–3 | AD6: 0–3 | AE6: =Rubric!D4 | AF6: =Rubric!D5 | AG6: =Rubric!D6 | AH6: =Rubric!D7 | AI6: =Rubric!D8 | AJ6: =Rubric!D9 | AK6: =Rubric!D10 | AL6: =Rubric!D11 | AM6: =Rubric!D12 | AN6: 0–3 | AO6: 0–3 | AP6: =Rubric!D4 | AQ6: =Rubric!D5 | AR6: =Rubric!D6 | AS6: =Rubric!D7 | AT6: =Rubric!D8 | AU6: =Rubric!D9 | AV6: =Rubric!D10 | AW6: =Rubric!D11 | AX6: =Rubric!D12 | AY6: 0–3 | AZ6: 0–3 | BA6: =Rubric!$D$13 | BE6: % | BF6: % | BG6: % | BH6: % | BI6: % | BJ6: % | BK6: % | BL6: % | BM6: % | BN6: % | BO6: % | BP6: % | BQ6: %
A7: 1 | B7: 3rd Sem - A | AP7: =IF(COUNT(I7,T7,AE7)=0,"",AVERAGE(I7,T7,AE7)) | AQ7: =IF(COUNT(J7,U7,AF7)=0,"",AVERAGE(J7,U7,AF7)) | AR7: =IF(COUNT(K7,V7,AG7)=0,"",AVERAGE(K7,V7,AG7)) | AS7: =IF(COUNT(L7,W7,AH7)=0,"",AVERAGE(L7,W7,AH7)) | AT7: =IF(COUNT(M7,X7,AI7)=0,"",AVERAGE(M7,X7,AI7)) | AU7: =IF(COUNT(N7,Y7,AJ7)=0,"",AVERAGE(N7,Y7,AJ7)) | AV7: =IF(COUNT(O7,Z7,AK7)=0,"",AVERAGE(O7,Z7,AK7)) | AW7: =IF(COUNT(P7,AA7,AL7)=0,"",AVERAGE(P7,AA7,AL7)) | AX7: =IF(COUNT(Q7,AB7,AM7)=0,"",AVERAGE(Q7,AB7,AM7)) | AY7: =IF(OR($F7="",COUNT(R7,AC7,AN7)=0),"",AVERAGE(R7,AC7,AN7)) | AZ7: =IF(OR($G7="",$G7=$F7,COUNT(S7,AD7,AO7)=0),"",AVERAGE(S7,AD7,AO7)) | BA7: =IF(COUNT(AP7:AX7)=0,"",SUM(AP7:AX7)) | BB7: =IF(BA7="","",BA7/BA$6) | BC7: =IF(BR7="","",COUNTIF($BR$7:$BR$26,">"&BR7)+COUNTIF($BR$7:BR7,BR7)) | BD7: =IF(BC7="","",IF(BC7<=Mapping!$C$11,"Shortlisted","Not shortlisted")) | BE7: =IFERROR((AP7/AP$6*Mapping!$D$15+AQ7/AQ$6*Mapping!$D$16+AR7/AR$6*Mapping!$D$17+AS7/AS$6*Mapping!$D$18+AT7/AT$6*Mapping!$D$19+AU7/AU$6*Mapping!$D$20+AV7/AV$6*Mapping!$D$21+AW7/AW$6*Mapping!$D$22+AX7/AX$6*Mapping!$D$23)/SUM(Mapping!$D$15:$D$23),"") | BF7: =IFERROR((AP7/AP$6*Mapping!$E$15+AQ7/AQ$6*Mapping!$E$16+AR7/AR$6*Mapping!$E$17+AS7/AS$6*Mapping!$E$18+AT7/AT$6*Mapping!$E$19+AU7/AU$6*Mapping!$E$20+AV7/AV$6*Mapping!$E$21+AW7/AW$6*Mapping!$E$22+AX7/AX$6*Mapping!$E$23)/SUM(Mapping!$E$15:$E$23),"") | BG7: =IFERROR((AP7/AP$6*Mapping!$F$15+AQ7/AQ$6*Mapping!$F$16+AR7/AR$6*Mapping!$F$17+AS7/AS$6*Mapping!$F$18+AT7/AT$6*Mapping!$F$19+AU7/AU$6*Mapping!$F$20+AV7/AV$6*Mapping!$F$21+AW7/AW$6*Mapping!$F$22+AX7/AX$6*Mapping!$F$23)/SUM(Mapping!$F$15:$F$23),"") | BH7: =IFERROR((AP7/AP$6*Mapping!$G$15+AQ7/AQ$6*Mapping!$G$16+AR7/AR$6*Mapping!$G$17+AS7/AS$6*Mapping!$G$18+AT7/AT$6*Mapping!$G$19+AU7/AU$6*Mapping!$G$20+AV7/AV$6*Mapping!$G$21+AW7/AW$6*Mapping!$G$22+AX7/AX$6*Mapping!$G$23)/SUM(Mapping!$G$15:$G$23),"") | BI7: =IFERROR((AP7/AP$6*Mapping!$H$15+AQ7/AQ$6*Mapping!$H$16+AR7/AR$6*Mapping!$H$17+AS7/AS$6*Mapping!$H$18+AT7/AT$6*Mapping!$H$19+AU7/AU$6*Mapping!$H$20+AV7/AV$6*Mapping!$H$21+AW7/AW$6*Mapping!$H$22+AX7/AX$6*Mapping!$H$23)/SUM(Mapping!$H$15:$H$23),"") | BJ7: =IFERROR((AP7/AP$6*Mapping!$I$15+AQ7/AQ$6*Mapping!$I$16+AR7/AR$6*Mapping!$I$17+AS7/AS$6*Mapping!$I$18+AT7/AT$6*Mapping!$I$19+AU7/AU$6*Mapping!$I$20+AV7/AV$6*Mapping!$I$21+AW7/AW$6*Mapping!$I$22+AX7/AX$6*Mapping!$I$23)/SUM(Mapping!$I$15:$I$23),"") | BK7: =IFERROR((AP7/AP$6*Mapping!$J$15+AQ7/AQ$6*Mapping!$J$16+AR7/AR$6*Mapping!$J$17+AS7/AS$6*Mapping!$J$18+AT7/AT$6*Mapping!$J$19+AU7/AU$6*Mapping!$J$20+AV7/AV$6*Mapping!$J$21+AW7/AW$6*Mapping!$J$22+AX7/AX$6*Mapping!$J$23)/SUM(Mapping!$J$15:$J$23),"") | BL7: =IFERROR((AP7/AP$6*Mapping!$K$15+AQ7/AQ$6*Mapping!$K$16+AR7/AR$6*Mapping!$K$17+AS7/AS$6*Mapping!$K$18+AT7/AT$6*Mapping!$K$19+AU7/AU$6*Mapping!$K$20+AV7/AV$6*Mapping!$K$21+AW7/AW$6*Mapping!$K$22+AX7/AX$6*Mapping!$K$23)/SUM(Mapping!$K$15:$K$23),"") | BM7: =IFERROR((AP7/AP$6*Mapping!$L$15+AQ7/AQ$6*Mapping!$L$16+AR7/AR$6*Mapping!$L$17+AS7/AS$6*Mapping!$L$18+AT7/AT$6*Mapping!$L$19+AU7/AU$6*Mapping!$L$20+AV7/AV$6*Mapping!$L$21+AW7/AW$6*Mapping!$L$22+AX7/AX$6*Mapping!$L$23)/SUM(Mapping!$L$15:$L$23),"") | BN7: =IFERROR((AP7/AP$6*Mapping!$M$15+AQ7/AQ$6*Mapping!$M$16+AR7/AR$6*Mapping!$M$17+AS7/AS$6*Mapping!$M$18+AT7/AT$6*Mapping!$M$19+AU7/AU$6*Mapping!$M$20+AV7/AV$6*Mapping!$M$21+AW7/AW$6*Mapping!$M$22+AX7/AX$6*Mapping!$M$23)/SUM(Mapping!$M$15:$M$23),"") | BO7: =IFERROR((AP7/AP$6*Mapping!$N$15+AQ7/AQ$6*Mapping!$N$16+AR7/AR$6*Mapping!$N$17+AS7/AS$6*Mapping!$N$18+AT7/AT$6*Mapping!$N$19+AU7/AU$6*Mapping!$N$20+AV7/AV$6*Mapping!$N$21+AW7/AW$6*Mapping!$N$22+AX7/AX$6*Mapping!$N$23)/SUM(Mapping!$N$15:$N$23),"") | BP7: =IFERROR((AP7/AP$6*Mapping!$O$15+AQ7/AQ$6*Mapping!$O$16+AR7/AR$6*Mapping!$O$17+AS7/AS$6*Mapping!$O$18+AT7/AT$6*Mapping!$O$19+AU7/AU$6*Mapping!$O$20+AV7/AV$6*Mapping!$O$21+AW7/AW$6*Mapping!$O$22+AX7/AX$6*Mapping!$O$23)/SUM(Mapping!$O$15:$O$23),"") | BQ7: =IFERROR((AP7/AP$6*Mapping!$P$15+AQ7/AQ$6*Mapping!$P$16+AR7/AR$6*Mapping!$P$17+AS7/AS$6*Mapping!$P$18+AT7/AT$6*Mapping!$P$19+AU7/AU$6*Mapping!$P$20+AV7/AV$6*Mapping!$P$21+AW7/AW$6*Mapping!$P$22+AX7/AX$6*Mapping!$P$23)/SUM(Mapping!$P$15:$P$23),"") | BR7: =IF(BA7="","",BA7+N(AS7)/10000)
A8: 2 | B8: 3rd Sem - A | AP8: =IF(COUNT(I8,T8,AE8)=0,"",AVERAGE(I8,T8,AE8)) | AQ8: =IF(COUNT(J8,U8,AF8)=0,"",AVERAGE(J8,U8,AF8)) | AR8: =IF(COUNT(K8,V8,AG8)=0,"",AVERAGE(K8,V8,AG8)) | AS8: =IF(COUNT(L8,W8,AH8)=0,"",AVERAGE(L8,W8,AH8)) | AT8: =IF(COUNT(M8,X8,AI8)=0,"",AVERAGE(M8,X8,AI8)) | AU8: =IF(COUNT(N8,Y8,AJ8)=0,"",AVERAGE(N8,Y8,AJ8)) | AV8: =IF(COUNT(O8,Z8,AK8)=0,"",AVERAGE(O8,Z8,AK8)) | AW8: =IF(COUNT(P8,AA8,AL8)=0,"",AVERAGE(P8,AA8,AL8)) | AX8: =IF(COUNT(Q8,AB8,AM8)=0,"",AVERAGE(Q8,AB8,AM8)) | AY8: =IF(OR($F8="",COUNT(R8,AC8,AN8)=0),"",AVERAGE(R8,AC8,AN8)) | AZ8: =IF(OR($G8="",$G8=$F8,COUNT(S8,AD8,AO8)=0),"",AVERAGE(S8,AD8,AO8)) | BA8: =IF(COUNT(AP8:AX8)=0,"",SUM(AP8:AX8)) | BB8: =IF(BA8="","",BA8/BA$6) | BC8: =IF(BR8="","",COUNTIF($BR$7:$BR$26,">"&BR8)+COUNTIF($BR$7:BR8,BR8)) | BD8: =IF(BC8="","",IF(BC8<=Mapping!$C$11,"Shortlisted","Not shortlisted")) | BE8: =IFERROR((AP8/AP$6*Mapping!$D$15+AQ8/AQ$6*Mapping!$D$16+AR8/AR$6*Mapping!$D$17+AS8/AS$6*Mapping!$D$18+AT8/AT$6*Mapping!$D$19+AU8/AU$6*Mapping!$D$20+AV8/AV$6*Mapping!$D$21+AW8/AW$6*Mapping!$D$22+AX8/AX$6*Mapping!$D$23)/SUM(Mapping!$D$15:$D$23),"") | BF8: =IFERROR((AP8/AP$6*Mapping!$E$15+AQ8/AQ$6*Mapping!$E$16+AR8/AR$6*Mapping!$E$17+AS8/AS$6*Mapping!$E$18+AT8/AT$6*Mapping!$E$19+AU8/AU$6*Mapping!$E$20+AV8/AV$6*Mapping!$E$21+AW8/AW$6*Mapping!$E$22+AX8/AX$6*Mapping!$E$23)/SUM(Mapping!$E$15:$E$23),"") | BG8: =IFERROR((AP8/AP$6*Mapping!$F$15+AQ8/AQ$6*Mapping!$F$16+AR8/AR$6*Mapping!$F$17+AS8/AS$6*Mapping!$F$18+AT8/AT$6*Mapping!$F$19+AU8/AU$6*Mapping!$F$20+AV8/AV$6*Mapping!$F$21+AW8/AW$6*Mapping!$F$22+AX8/AX$6*Mapping!$F$23)/SUM(Mapping!$F$15:$F$23),"") | BH8: =IFERROR((AP8/AP$6*Mapping!$G$15+AQ8/AQ$6*Mapping!$G$16+AR8/AR$6*Mapping!$G$17+AS8/AS$6*Mapping!$G$18+AT8/AT$6*Mapping!$G$19+AU8/AU$6*Mapping!$G$20+AV8/AV$6*Mapping!$G$21+AW8/AW$6*Mapping!$G$22+AX8/AX$6*Mapping!$G$23)/SUM(Mapping!$G$15:$G$23),"") | BI8: =IFERROR((AP8/AP$6*Mapping!$H$15+AQ8/AQ$6*Mapping!$H$16+AR8/AR$6*Mapping!$H$17+AS8/AS$6*Mapping!$H$18+AT8/AT$6*Mapping!$H$19+AU8/AU$6*Mapping!$H$20+AV8/AV$6*Mapping!$H$21+AW8/AW$6*Mapping!$H$22+AX8/AX$6*Mapping!$H$23)/SUM(Mapping!$H$15:$H$23),"") | BJ8: =IFERROR((AP8/AP$6*Mapping!$I$15+AQ8/AQ$6*Mapping!$I$16+AR8/AR$6*Mapping!$I$17+AS8/AS$6*Mapping!$I$18+AT8/AT$6*Mapping!$I$19+AU8/AU$6*Mapping!$I$20+AV8/AV$6*Mapping!$I$21+AW8/AW$6*Mapping!$I$22+AX8/AX$6*Mapping!$I$23)/SUM(Mapping!$I$15:$I$23),"") | BK8: =IFERROR((AP8/AP$6*Mapping!$J$15+AQ8/AQ$6*Mapping!$J$16+AR8/AR$6*Mapping!$J$17+AS8/AS$6*Mapping!$J$18+AT8/AT$6*Mapping!$J$19+AU8/AU$6*Mapping!$J$20+AV8/AV$6*Mapping!$J$21+AW8/AW$6*Mapping!$J$22+AX8/AX$6*Mapping!$J$23)/SUM(Mapping!$J$15:$J$23),"") | BL8: =IFERROR((AP8/AP$6*Mapping!$K$15+AQ8/AQ$6*Mapping!$K$16+AR8/AR$6*Mapping!$K$17+AS8/AS$6*Mapping!$K$18+AT8/AT$6*Mapping!$K$19+AU8/AU$6*Mapping!$K$20+AV8/AV$6*Mapping!$K$21+AW8/AW$6*Mapping!$K$22+AX8/AX$6*Mapping!$K$23)/SUM(Mapping!$K$15:$K$23),"") | BM8: =IFERROR((AP8/AP$6*Mapping!$L$15+AQ8/AQ$6*Mapping!$L$16+AR8/AR$6*Mapping!$L$17+AS8/AS$6*Mapping!$L$18+AT8/AT$6*Mapping!$L$19+AU8/AU$6*Mapping!$L$20+AV8/AV$6*Mapping!$L$21+AW8/AW$6*Mapping!$L$22+AX8/AX$6*Mapping!$L$23)/SUM(Mapping!$L$15:$L$23),"") | BN8: =IFERROR((AP8/AP$6*Mapping!$M$15+AQ8/AQ$6*Mapping!$M$16+AR8/AR$6*Mapping!$M$17+AS8/AS$6*Mapping!$M$18+AT8/AT$6*Mapping!$M$19+AU8/AU$6*Mapping!$M$20+AV8/AV$6*Mapping!$M$21+AW8/AW$6*Mapping!$M$22+AX8/AX$6*Mapping!$M$23)/SUM(Mapping!$M$15:$M$23),"") | BO8: =IFERROR((AP8/AP$6*Mapping!$N$15+AQ8/AQ$6*Mapping!$N$16+AR8/AR$6*Mapping!$N$17+AS8/AS$6*Mapping!$N$18+AT8/AT$6*Mapping!$N$19+AU8/AU$6*Mapping!$N$20+AV8/AV$6*Mapping!$N$21+AW8/AW$6*Mapping!$N$22+AX8/AX$6*Mapping!$N$23)/SUM(Mapping!$N$15:$N$23),"") | BP8: =IFERROR((AP8/AP$6*Mapping!$O$15+AQ8/AQ$6*Mapping!$O$16+AR8/AR$6*Mapping!$O$17+AS8/AS$6*Mapping!$O$18+AT8/AT$6*Mapping!$O$19+AU8/AU$6*Mapping!$O$20+AV8/AV$6*Mapping!$O$21+AW8/AW$6*Mapping!$O$22+AX8/AX$6*Mapping!$O$23)/SUM(Mapping!$O$15:$O$23),"") | BQ8: =IFERROR((AP8/AP$6*Mapping!$P$15+AQ8/AQ$6*Mapping!$P$16+AR8/AR$6*Mapping!$P$17+AS8/AS$6*Mapping!$P$18+AT8/AT$6*Mapping!$P$19+AU8/AU$6*Mapping!$P$20+AV8/AV$6*Mapping!$P$21+AW8/AW$6*Mapping!$P$22+AX8/AX$6*Mapping!$P$23)/SUM(Mapping!$P$15:$P$23),"") | BR8: =IF(BA8="","",BA8+N(AS8)/10000)
A9: 3 | B9: 3rd Sem - A | AP9: =IF(COUNT(I9,T9,AE9)=0,"",AVERAGE(I9,T9,AE9)) | AQ9: =IF(COUNT(J9,U9,AF9)=0,"",AVERAGE(J9,U9,AF9)) | AR9: =IF(COUNT(K9,V9,AG9)=0,"",AVERAGE(K9,V9,AG9)) | AS9: =IF(COUNT(L9,W9,AH9)=0,"",AVERAGE(L9,W9,AH9)) | AT9: =IF(COUNT(M9,X9,AI9)=0,"",AVERAGE(M9,X9,AI9)) | AU9: =IF(COUNT(N9,Y9,AJ9)=0,"",AVERAGE(N9,Y9,AJ9)) | AV9: =IF(COUNT(O9,Z9,AK9)=0,"",AVERAGE(O9,Z9,AK9)) | AW9: =IF(COUNT(P9,AA9,AL9)=0,"",AVERAGE(P9,AA9,AL9)) | AX9: =IF(COUNT(Q9,AB9,AM9)=0,"",AVERAGE(Q9,AB9,AM9)) | AY9: =IF(OR($F9="",COUNT(R9,AC9,AN9)=0),"",AVERAGE(R9,AC9,AN9)) | AZ9: =IF(OR($G9="",$G9=$F9,COUNT(S9,AD9,AO9)=0),"",AVERAGE(S9,AD9,AO9)) | BA9: =IF(COUNT(AP9:AX9)=0,"",SUM(AP9:AX9)) | BB9: =IF(BA9="","",BA9/BA$6) | BC9: =IF(BR9="","",COUNTIF($BR$7:$BR$26,">"&BR9)+COUNTIF($BR$7:BR9,BR9)) | BD9: =IF(BC9="","",IF(BC9<=Mapping!$C$11,"Shortlisted","Not shortlisted")) | BE9: =IFERROR((AP9/AP$6*Mapping!$D$15+AQ9/AQ$6*Mapping!$D$16+AR9/AR$6*Mapping!$D$17+AS9/AS$6*Mapping!$D$18+AT9/AT$6*Mapping!$D$19+AU9/AU$6*Mapping!$D$20+AV9/AV$6*Mapping!$D$21+AW9/AW$6*Mapping!$D$22+AX9/AX$6*Mapping!$D$23)/SUM(Mapping!$D$15:$D$23),"") | BF9: =IFERROR((AP9/AP$6*Mapping!$E$15+AQ9/AQ$6*Mapping!$E$16+AR9/AR$6*Mapping!$E$17+AS9/AS$6*Mapping!$E$18+AT9/AT$6*Mapping!$E$19+AU9/AU$6*Mapping!$E$20+AV9/AV$6*Mapping!$E$21+AW9/AW$6*Mapping!$E$22+AX9/AX$6*Mapping!$E$23)/SUM(Mapping!$E$15:$E$23),"") | BG9: =IFERROR((AP9/AP$6*Mapping!$F$15+AQ9/AQ$6*Mapping!$F$16+AR9/AR$6*Mapping!$F$17+AS9/AS$6*Mapping!$F$18+AT9/AT$6*Mapping!$F$19+AU9/AU$6*Mapping!$F$20+AV9/AV$6*Mapping!$F$21+AW9/AW$6*Mapping!$F$22+AX9/AX$6*Mapping!$F$23)/SUM(Mapping!$F$15:$F$23),"") | BH9: =IFERROR((AP9/AP$6*Mapping!$G$15+AQ9/AQ$6*Mapping!$G$16+AR9/AR$6*Mapping!$G$17+AS9/AS$6*Mapping!$G$18+AT9/AT$6*Mapping!$G$19+AU9/AU$6*Mapping!$G$20+AV9/AV$6*Mapping!$G$21+AW9/AW$6*Mapping!$G$22+AX9/AX$6*Mapping!$G$23)/SUM(Mapping!$G$15:$G$23),"") | BI9: =IFERROR((AP9/AP$6*Mapping!$H$15+AQ9/AQ$6*Mapping!$H$16+AR9/AR$6*Mapping!$H$17+AS9/AS$6*Mapping!$H$18+AT9/AT$6*Mapping!$H$19+AU9/AU$6*Mapping!$H$20+AV9/AV$6*Mapping!$H$21+AW9/AW$6*Mapping!$H$22+AX9/AX$6*Mapping!$H$23)/SUM(Mapping!$H$15:$H$23),"") | BJ9: =IFERROR((AP9/AP$6*Mapping!$I$15+AQ9/AQ$6*Mapping!$I$16+AR9/AR$6*Mapping!$I$17+AS9/AS$6*Mapping!$I$18+AT9/AT$6*Mapping!$I$19+AU9/AU$6*Mapping!$I$20+AV9/AV$6*Mapping!$I$21+AW9/AW$6*Mapping!$I$22+AX9/AX$6*Mapping!$I$23)/SUM(Mapping!$I$15:$I$23),"") | BK9: =IFERROR((AP9/AP$6*Mapping!$J$15+AQ9/AQ$6*Mapping!$J$16+AR9/AR$6*Mapping!$J$17+AS9/AS$6*Mapping!$J$18+AT9/AT$6*Mapping!$J$19+AU9/AU$6*Mapping!$J$20+AV9/AV$6*Mapping!$J$21+AW9/AW$6*Mapping!$J$22+AX9/AX$6*Mapping!$J$23)/SUM(Mapping!$J$15:$J$23),"") | BL9: =IFERROR((AP9/AP$6*Mapping!$K$15+AQ9/AQ$6*Mapping!$K$16+AR9/AR$6*Mapping!$K$17+AS9/AS$6*Mapping!$K$18+AT9/AT$6*Mapping!$K$19+AU9/AU$6*Mapping!$K$20+AV9/AV$6*Mapping!$K$21+AW9/AW$6*Mapping!$K$22+AX9/AX$6*Mapping!$K$23)/SUM(Mapping!$K$15:$K$23),"") | BM9: =IFERROR((AP9/AP$6*Mapping!$L$15+AQ9/AQ$6*Mapping!$L$16+AR9/AR$6*Mapping!$L$17+AS9/AS$6*Mapping!$L$18+AT9/AT$6*Mapping!$L$19+AU9/AU$6*Mapping!$L$20+AV9/AV$6*Mapping!$L$21+AW9/AW$6*Mapping!$L$22+AX9/AX$6*Mapping!$L$23)/SUM(Mapping!$L$15:$L$23),"") | BN9: =IFERROR((AP9/AP$6*Mapping!$M$15+AQ9/AQ$6*Mapping!$M$16+AR9/AR$6*Mapping!$M$17+AS9/AS$6*Mapping!$M$18+AT9/AT$6*Mapping!$M$19+AU9/AU$6*Mapping!$M$20+AV9/AV$6*Mapping!$M$21+AW9/AW$6*Mapping!$M$22+AX9/AX$6*Mapping!$M$23)/SUM(Mapping!$M$15:$M$23),"") | BO9: =IFERROR((AP9/AP$6*Mapping!$N$15+AQ9/AQ$6*Mapping!$N$16+AR9/AR$6*Mapping!$N$17+AS9/AS$6*Mapping!$N$18+AT9/AT$6*Mapping!$N$19+AU9/AU$6*Mapping!$N$20+AV9/AV$6*Mapping!$N$21+AW9/AW$6*Mapping!$N$22+AX9/AX$6*Mapping!$N$23)/SUM(Mapping!$N$15:$N$23),"") | BP9: =IFERROR((AP9/AP$6*Mapping!$O$15+AQ9/AQ$6*Mapping!$O$16+AR9/AR$6*Mapping!$O$17+AS9/AS$6*Mapping!$O$18+AT9/AT$6*Mapping!$O$19+AU9/AU$6*Mapping!$O$20+AV9/AV$6*Mapping!$O$21+AW9/AW$6*Mapping!$O$22+AX9/AX$6*Mapping!$O$23)/SUM(Mapping!$O$15:$O$23),"") | BQ9: =IFERROR((AP9/AP$6*Mapping!$P$15+AQ9/AQ$6*Mapping!$P$16+AR9/AR$6*Mapping!$P$17+AS9/AS$6*Mapping!$P$18+AT9/AT$6*Mapping!$P$19+AU9/AU$6*Mapping!$P$20+AV9/AV$6*Mapping!$P$21+AW9/AW$6*Mapping!$P$22+AX9/AX$6*Mapping!$P$23)/SUM(Mapping!$P$15:$P$23),"") | BR9: =IF(BA9="","",BA9+N(AS9)/10000)
A10: 4 | B10: 3rd Sem - A | AP10: =IF(COUNT(I10,T10,AE10)=0,"",AVERAGE(I10,T10,AE10)) | AQ10: =IF(COUNT(J10,U10,AF10)=0,"",AVERAGE(J10,U10,AF10)) | AR10: =IF(COUNT(K10,V10,AG10)=0,"",AVERAGE(K10,V10,AG10)) | AS10: =IF(COUNT(L10,W10,AH10)=0,"",AVERAGE(L10,W10,AH10)) | AT10: =IF(COUNT(M10,X10,AI10)=0,"",AVERAGE(M10,X10,AI10)) | AU10: =IF(COUNT(N10,Y10,AJ10)=0,"",AVERAGE(N10,Y10,AJ10)) | AV10: =IF(COUNT(O10,Z10,AK10)=0,"",AVERAGE(O10,Z10,AK10)) | AW10: =IF(COUNT(P10,AA10,AL10)=0,"",AVERAGE(P10,AA10,AL10)) | AX10: =IF(COUNT(Q10,AB10,AM10)=0,"",AVERAGE(Q10,AB10,AM10)) | AY10: =IF(OR($F10="",COUNT(R10,AC10,AN10)=0),"",AVERAGE(R10,AC10,AN10)) | AZ10: =IF(OR($G10="",$G10=$F10,COUNT(S10,AD10,AO10)=0),"",AVERAGE(S10,AD10,AO10)) | BA10: =IF(COUNT(AP10:AX10)=0,"",SUM(AP10:AX10)) | BB10: =IF(BA10="","",BA10/BA$6) | BC10: =IF(BR10="","",COUNTIF($BR$7:$BR$26,">"&BR10)+COUNTIF($BR$7:BR10,BR10)) | BD10: =IF(BC10="","",IF(BC10<=Mapping!$C$11,"Shortlisted","Not shortlisted")) | BE10: =IFERROR((AP10/AP$6*Mapping!$D$15+AQ10/AQ$6*Mapping!$D$16+AR10/AR$6*Mapping!$D$17+AS10/AS$6*Mapping!$D$18+AT10/AT$6*Mapping!$D$19+AU10/AU$6*Mapping!$D$20+AV10/AV$6*Mapping!$D$21+AW10/AW$6*Mapping!$D$22+AX10/AX$6*Mapping!$D$23)/SUM(Mapping!$D$15:$D$23),"") | BF10: =IFERROR((AP10/AP$6*Mapping!$E$15+AQ10/AQ$6*Mapping!$E$16+AR10/AR$6*Mapping!$E$17+AS10/AS$6*Mapping!$E$18+AT10/AT$6*Mapping!$E$19+AU10/AU$6*Mapping!$E$20+AV10/AV$6*Mapping!$E$21+AW10/AW$6*Mapping!$E$22+AX10/AX$6*Mapping!$E$23)/SUM(Mapping!$E$15:$E$23),"") | BG10: =IFERROR((AP10/AP$6*Mapping!$F$15+AQ10/AQ$6*Mapping!$F$16+AR10/AR$6*Mapping!$F$17+AS10/AS$6*Mapping!$F$18+AT10/AT$6*Mapping!$F$19+AU10/AU$6*Mapping!$F$20+AV10/AV$6*Mapping!$F$21+AW10/AW$6*Mapping!$F$22+AX10/AX$6*Mapping!$F$23)/SUM(Mapping!$F$15:$F$23),"") | BH10: =IFERROR((AP10/AP$6*Mapping!$G$15+AQ10/AQ$6*Mapping!$G$16+AR10/AR$6*Mapping!$G$17+AS10/AS$6*Mapping!$G$18+AT10/AT$6*Mapping!$G$19+AU10/AU$6*Mapping!$G$20+AV10/AV$6*Mapping!$G$21+AW10/AW$6*Mapping!$G$22+AX10/AX$6*Mapping!$G$23)/SUM(Mapping!$G$15:$G$23),"") | BI10: =IFERROR((AP10/AP$6*Mapping!$H$15+AQ10/AQ$6*Mapping!$H$16+AR10/AR$6*Mapping!$H$17+AS10/AS$6*Mapping!$H$18+AT10/AT$6*Mapping!$H$19+AU10/AU$6*Mapping!$H$20+AV10/AV$6*Mapping!$H$21+AW10/AW$6*Mapping!$H$22+AX10/AX$6*Mapping!$H$23)/SUM(Mapping!$H$15:$H$23),"") | BJ10: =IFERROR((AP10/AP$6*Mapping!$I$15+AQ10/AQ$6*Mapping!$I$16+AR10/AR$6*Mapping!$I$17+AS10/AS$6*Mapping!$I$18+AT10/AT$6*Mapping!$I$19+AU10/AU$6*Mapping!$I$20+AV10/AV$6*Mapping!$I$21+AW10/AW$6*Mapping!$I$22+AX10/AX$6*Mapping!$I$23)/SUM(Mapping!$I$15:$I$23),"") | BK10: =IFERROR((AP10/AP$6*Mapping!$J$15+AQ10/AQ$6*Mapping!$J$16+AR10/AR$6*Mapping!$J$17+AS10/AS$6*Mapping!$J$18+AT10/AT$6*Mapping!$J$19+AU10/AU$6*Mapping!$J$20+AV10/AV$6*Mapping!$J$21+AW10/AW$6*Mapping!$J$22+AX10/AX$6*Mapping!$J$23)/SUM(Mapping!$J$15:$J$23),"") | BL10: =IFERROR((AP10/AP$6*Mapping!$K$15+AQ10/AQ$6*Mapping!$K$16+AR10/AR$6*Mapping!$K$17+AS10/AS$6*Mapping!$K$18+AT10/AT$6*Mapping!$K$19+AU10/AU$6*Mapping!$K$20+AV10/AV$6*Mapping!$K$21+AW10/AW$6*Mapping!$K$22+AX10/AX$6*Mapping!$K$23)/SUM(Mapping!$K$15:$K$23),"") | BM10: =IFERROR((AP10/AP$6*Mapping!$L$15+AQ10/AQ$6*Mapping!$L$16+AR10/AR$6*Mapping!$L$17+AS10/AS$6*Mapping!$L$18+AT10/AT$6*Mapping!$L$19+AU10/AU$6*Mapping!$L$20+AV10/AV$6*Mapping!$L$21+AW10/AW$6*Mapping!$L$22+AX10/AX$6*Mapping!$L$23)/SUM(Mapping!$L$15:$L$23),"") | BN10: =IFERROR((AP10/AP$6*Mapping!$M$15+AQ10/AQ$6*Mapping!$M$16+AR10/AR$6*Mapping!$M$17+AS10/AS$6*Mapping!$M$18+AT10/AT$6*Mapping!$M$19+AU10/AU$6*Mapping!$M$20+AV10/AV$6*Mapping!$M$21+AW10/AW$6*Mapping!$M$22+AX10/AX$6*Mapping!$M$23)/SUM(Mapping!$M$15:$M$23),"") | BO10: =IFERROR((AP10/AP$6*Mapping!$N$15+AQ10/AQ$6*Mapping!$N$16+AR10/AR$6*Mapping!$N$17+AS10/AS$6*Mapping!$N$18+AT10/AT$6*Mapping!$N$19+AU10/AU$6*Mapping!$N$20+AV10/AV$6*Mapping!$N$21+AW10/AW$6*Mapping!$N$22+AX10/AX$6*Mapping!$N$23)/SUM(Mapping!$N$15:$N$23),"") | BP10: =IFERROR((AP10/AP$6*Mapping!$O$15+AQ10/AQ$6*Mapping!$O$16+AR10/AR$6*Mapping!$O$17+AS10/AS$6*Mapping!$O$18+AT10/AT$6*Mapping!$O$19+AU10/AU$6*Mapping!$O$20+AV10/AV$6*Mapping!$O$21+AW10/AW$6*Mapping!$O$22+AX10/AX$6*Mapping!$O$23)/SUM(Mapping!$O$15:$O$23),"") | BQ10: =IFERROR((AP10/AP$6*Mapping!$P$15+AQ10/AQ$6*Mapping!$P$16+AR10/AR$6*Mapping!$P$17+AS10/AS$6*Mapping!$P$18+AT10/AT$6*Mapping!$P$19+AU10/AU$6*Mapping!$P$20+AV10/AV$6*Mapping!$P$21+AW10/AW$6*Mapping!$P$22+AX10/AX$6*Mapping!$P$23)/SUM(Mapping!$P$15:$P$23),"") | BR10: =IF(BA10="","",BA10+N(AS10)/10000)
A11: 5 | B11: 3rd Sem - A | AP11: =IF(COUNT(I11,T11,AE11)=0,"",AVERAGE(I11,T11,AE11)) | AQ11: =IF(COUNT(J11,U11,AF11)=0,"",AVERAGE(J11,U11,AF11)) | AR11: =IF(COUNT(K11,V11,AG11)=0,"",AVERAGE(K11,V11,AG11)) | AS11: =IF(COUNT(L11,W11,AH11)=0,"",AVERAGE(L11,W11,AH11)) | AT11: =IF(COUNT(M11,X11,AI11)=0,"",AVERAGE(M11,X11,AI11)) | AU11: =IF(COUNT(N11,Y11,AJ11)=0,"",AVERAGE(N11,Y11,AJ11)) | AV11: =IF(COUNT(O11,Z11,AK11)=0,"",AVERAGE(O11,Z11,AK11)) | AW11: =IF(COUNT(P11,AA11,AL11)=0,"",AVERAGE(P11,AA11,AL11)) | AX11: =IF(COUNT(Q11,AB11,AM11)=0,"",AVERAGE(Q11,AB11,AM11)) | AY11: =IF(OR($F11="",COUNT(R11,AC11,AN11)=0),"",AVERAGE(R11,AC11,AN11)) | AZ11: =IF(OR($G11="",$G11=$F11,COUNT(S11,AD11,AO11)=0),"",AVERAGE(S11,AD11,AO11)) | BA11: =IF(COUNT(AP11:AX11)=0,"",SUM(AP11:AX11)) | BB11: =IF(BA11="","",BA11/BA$6) | BC11: =IF(BR11="","",COUNTIF($BR$7:$BR$26,">"&BR11)+COUNTIF($BR$7:BR11,BR11)) | BD11: =IF(BC11="","",IF(BC11<=Mapping!$C$11,"Shortlisted","Not shortlisted")) | BE11: =IFERROR((AP11/AP$6*Mapping!$D$15+AQ11/AQ$6*Mapping!$D$16+AR11/AR$6*Mapping!$D$17+AS11/AS$6*Mapping!$D$18+AT11/AT$6*Mapping!$D$19+AU11/AU$6*Mapping!$D$20+AV11/AV$6*Mapping!$D$21+AW11/AW$6*Mapping!$D$22+AX11/AX$6*Mapping!$D$23)/SUM(Mapping!$D$15:$D$23),"") | BF11: =IFERROR((AP11/AP$6*Mapping!$E$15+AQ11/AQ$6*Mapping!$E$16+AR11/AR$6*Mapping!$E$17+AS11/AS$6*Mapping!$E$18+AT11/AT$6*Mapping!$E$19+AU11/AU$6*Mapping!$E$20+AV11/AV$6*Mapping!$E$21+AW11/AW$6*Mapping!$E$22+AX11/AX$6*Mapping!$E$23)/SUM(Mapping!$E$15:$E$23),"") | BG11: =IFERROR((AP11/AP$6*Mapping!$F$15+AQ11/AQ$6*Mapping!$F$16+AR11/AR$6*Mapping!$F$17+AS11/AS$6*Mapping!$F$18+AT11/AT$6*Mapping!$F$19+AU11/AU$6*Mapping!$F$20+AV11/AV$6*Mapping!$F$21+AW11/AW$6*Mapping!$F$22+AX11/AX$6*Mapping!$F$23)/SUM(Mapping!$F$15:$F$23),"") | BH11: =IFERROR((AP11/AP$6*Mapping!$G$15+AQ11/AQ$6*Mapping!$G$16+AR11/AR$6*Mapping!$G$17+AS11/AS$6*Mapping!$G$18+AT11/AT$6*Mapping!$G$19+AU11/AU$6*Mapping!$G$20+AV11/AV$6*Mapping!$G$21+AW11/AW$6*Mapping!$G$22+AX11/AX$6*Mapping!$G$23)/SUM(Mapping!$G$15:$G$23),"") | BI11: =IFERROR((AP11/AP$6*Mapping!$H$15+AQ11/AQ$6*Mapping!$H$16+AR11/AR$6*Mapping!$H$17+AS11/AS$6*Mapping!$H$18+AT11/AT$6*Mapping!$H$19+AU11/AU$6*Mapping!$H$20+AV11/AV$6*Mapping!$H$21+AW11/AW$6*Mapping!$H$22+AX11/AX$6*Mapping!$H$23)/SUM(Mapping!$H$15:$H$23),"") | BJ11: =IFERROR((AP11/AP$6*Mapping!$I$15+AQ11/AQ$6*Mapping!$I$16+AR11/AR$6*Mapping!$I$17+AS11/AS$6*Mapping!$I$18+AT11/AT$6*Mapping!$I$19+AU11/AU$6*Mapping!$I$20+AV11/AV$6*Mapping!$I$21+AW11/AW$6*Mapping!$I$22+AX11/AX$6*Mapping!$I$23)/SUM(Mapping!$I$15:$I$23),"") | BK11: =IFERROR((AP11/AP$6*Mapping!$J$15+AQ11/AQ$6*Mapping!$J$16+AR11/AR$6*Mapping!$J$17+AS11/AS$6*Mapping!$J$18+AT11/AT$6*Mapping!$J$19+AU11/AU$6*Mapping!$J$20+AV11/AV$6*Mapping!$J$21+AW11/AW$6*Mapping!$J$22+AX11/AX$6*Mapping!$J$23)/SUM(Mapping!$J$15:$J$23),"") | BL11: =IFERROR((AP11/AP$6*Mapping!$K$15+AQ11/AQ$6*Mapping!$K$16+AR11/AR$6*Mapping!$K$17+AS11/AS$6*Mapping!$K$18+AT11/AT$6*Mapping!$K$19+AU11/AU$6*Mapping!$K$20+AV11/AV$6*Mapping!$K$21+AW11/AW$6*Mapping!$K$22+AX11/AX$6*Mapping!$K$23)/SUM(Mapping!$K$15:$K$23),"") | BM11: =IFERROR((AP11/AP$6*Mapping!$L$15+AQ11/AQ$6*Mapping!$L$16+AR11/AR$6*Mapping!$L$17+AS11/AS$6*Mapping!$L$18+AT11/AT$6*Mapping!$L$19+AU11/AU$6*Mapping!$L$20+AV11/AV$6*Mapping!$L$21+AW11/AW$6*Mapping!$L$22+AX11/AX$6*Mapping!$L$23)/SUM(Mapping!$L$15:$L$23),"") | BN11: =IFERROR((AP11/AP$6*Mapping!$M$15+AQ11/AQ$6*Mapping!$M$16+AR11/AR$6*Mapping!$M$17+AS11/AS$6*Mapping!$M$18+AT11/AT$6*Mapping!$M$19+AU11/AU$6*Mapping!$M$20+AV11/AV$6*Mapping!$M$21+AW11/AW$6*Mapping!$M$22+AX11/AX$6*Mapping!$M$23)/SUM(Mapping!$M$15:$M$23),"") | BO11: =IFERROR((AP11/AP$6*Mapping!$N$15+AQ11/AQ$6*Mapping!$N$16+AR11/AR$6*Mapping!$N$17+AS11/AS$6*Mapping!$N$18+AT11/AT$6*Mapping!$N$19+AU11/AU$6*Mapping!$N$20+AV11/AV$6*Mapping!$N$21+AW11/AW$6*Mapping!$N$22+AX11/AX$6*Mapping!$N$23)/SUM(Mapping!$N$15:$N$23),"") | BP11: =IFERROR((AP11/AP$6*Mapping!$O$15+AQ11/AQ$6*Mapping!$O$16+AR11/AR$6*Mapping!$O$17+AS11/AS$6*Mapping!$O$18+AT11/AT$6*Mapping!$O$19+AU11/AU$6*Mapping!$O$20+AV11/AV$6*Mapping!$O$21+AW11/AW$6*Mapping!$O$22+AX11/AX$6*Mapping!$O$23)/SUM(Mapping!$O$15:$O$23),"") | BQ11: =IFERROR((AP11/AP$6*Mapping!$P$15+AQ11/AQ$6*Mapping!$P$16+AR11/AR$6*Mapping!$P$17+AS11/AS$6*Mapping!$P$18+AT11/AT$6*Mapping!$P$19+AU11/AU$6*Mapping!$P$20+AV11/AV$6*Mapping!$P$21+AW11/AW$6*Mapping!$P$22+AX11/AX$6*Mapping!$P$23)/SUM(Mapping!$P$15:$P$23),"") | BR11: =IF(BA11="","",BA11+N(AS11)/10000)
A12: 6 | B12: 3rd Sem - A | AP12: =IF(COUNT(I12,T12,AE12)=0,"",AVERAGE(I12,T12,AE12)) | AQ12: =IF(COUNT(J12,U12,AF12)=0,"",AVERAGE(J12,U12,AF12)) | AR12: =IF(COUNT(K12,V12,AG12)=0,"",AVERAGE(K12,V12,AG12)) | AS12: =IF(COUNT(L12,W12,AH12)=0,"",AVERAGE(L12,W12,AH12)) | AT12: =IF(COUNT(M12,X12,AI12)=0,"",AVERAGE(M12,X12,AI12)) | AU12: =IF(COUNT(N12,Y12,AJ12)=0,"",AVERAGE(N12,Y12,AJ12)) | AV12: =IF(COUNT(O12,Z12,AK12)=0,"",AVERAGE(O12,Z12,AK12)) | AW12: =IF(COUNT(P12,AA12,AL12)=0,"",AVERAGE(P12,AA12,AL12)) | AX12: =IF(COUNT(Q12,AB12,AM12)=0,"",AVERAGE(Q12,AB12,AM12)) | AY12: =IF(OR($F12="",COUNT(R12,AC12,AN12)=0),"",AVERAGE(R12,AC12,AN12)) | AZ12: =IF(OR($G12="",$G12=$F12,COUNT(S12,AD12,AO12)=0),"",AVERAGE(S12,AD12,AO12)) | BA12: =IF(COUNT(AP12:AX12)=0,"",SUM(AP12:AX12)) | BB12: =IF(BA12="","",BA12/BA$6) | BC12: =IF(BR12="","",COUNTIF($BR$7:$BR$26,">"&BR12)+COUNTIF($BR$7:BR12,BR12)) | BD12: =IF(BC12="","",IF(BC12<=Mapping!$C$11,"Shortlisted","Not shortlisted")) | BE12: =IFERROR((AP12/AP$6*Mapping!$D$15+AQ12/AQ$6*Mapping!$D$16+AR12/AR$6*Mapping!$D$17+AS12/AS$6*Mapping!$D$18+AT12/AT$6*Mapping!$D$19+AU12/AU$6*Mapping!$D$20+AV12/AV$6*Mapping!$D$21+AW12/AW$6*Mapping!$D$22+AX12/AX$6*Mapping!$D$23)/SUM(Mapping!$D$15:$D$23),"") | BF12: =IFERROR((AP12/AP$6*Mapping!$E$15+AQ12/AQ$6*Mapping!$E$16+AR12/AR$6*Mapping!$E$17+AS12/AS$6*Mapping!$E$18+AT12/AT$6*Mapping!$E$19+AU12/AU$6*Mapping!$E$20+AV12/AV$6*Mapping!$E$21+AW12/AW$6*Mapping!$E$22+AX12/AX$6*Mapping!$E$23)/SUM(Mapping!$E$15:$E$23),"") | BG12: =IFERROR((AP12/AP$6*Mapping!$F$15+AQ12/AQ$6*Mapping!$F$16+AR12/AR$6*Mapping!$F$17+AS12/AS$6*Mapping!$F$18+AT12/AT$6*Mapping!$F$19+AU12/AU$6*Mapping!$F$20+AV12/AV$6*Mapping!$F$21+AW12/AW$6*Mapping!$F$22+AX12/AX$6*Mapping!$F$23)/SUM(Mapping!$F$15:$F$23),"") | BH12: =IFERROR((AP12/AP$6*Mapping!$G$15+AQ12/AQ$6*Mapping!$G$16+AR12/AR$6*Mapping!$G$17+AS12/AS$6*Mapping!$G$18+AT12/AT$6*Mapping!$G$19+AU12/AU$6*Mapping!$G$20+AV12/AV$6*Mapping!$G$21+AW12/AW$6*Mapping!$G$22+AX12/AX$6*Mapping!$G$23)/SUM(Mapping!$G$15:$G$23),"") | BI12: =IFERROR((AP12/AP$6*Mapping!$H$15+AQ12/AQ$6*Mapping!$H$16+AR12/AR$6*Mapping!$H$17+AS12/AS$6*Mapping!$H$18+AT12/AT$6*Mapping!$H$19+AU12/AU$6*Mapping!$H$20+AV12/AV$6*Mapping!$H$21+AW12/AW$6*Mapping!$H$22+AX12/AX$6*Mapping!$H$23)/SUM(Mapping!$H$15:$H$23),"") | BJ12: =IFERROR((AP12/AP$6*Mapping!$I$15+AQ12/AQ$6*Mapping!$I$16+AR12/AR$6*Mapping!$I$17+AS12/AS$6*Mapping!$I$18+AT12/AT$6*Mapping!$I$19+AU12/AU$6*Mapping!$I$20+AV12/AV$6*Mapping!$I$21+AW12/AW$6*Mapping!$I$22+AX12/AX$6*Mapping!$I$23)/SUM(Mapping!$I$15:$I$23),"") | BK12: =IFERROR((AP12/AP$6*Mapping!$J$15+AQ12/AQ$6*Mapping!$J$16+AR12/AR$6*Mapping!$J$17+AS12/AS$6*Mapping!$J$18+AT12/AT$6*Mapping!$J$19+AU12/AU$6*Mapping!$J$20+AV12/AV$6*Mapping!$J$21+AW12/AW$6*Mapping!$J$22+AX12/AX$6*Mapping!$J$23)/SUM(Mapping!$J$15:$J$23),"") | BL12: =IFERROR((AP12/AP$6*Mapping!$K$15+AQ12/AQ$6*Mapping!$K$16+AR12/AR$6*Mapping!$K$17+AS12/AS$6*Mapping!$K$18+AT12/AT$6*Mapping!$K$19+AU12/AU$6*Mapping!$K$20+AV12/AV$6*Mapping!$K$21+AW12/AW$6*Mapping!$K$22+AX12/AX$6*Mapping!$K$23)/SUM(Mapping!$K$15:$K$23),"") | BM12: =IFERROR((AP12/AP$6*Mapping!$L$15+AQ12/AQ$6*Mapping!$L$16+AR12/AR$6*Mapping!$L$17+AS12/AS$6*Mapping!$L$18+AT12/AT$6*Mapping!$L$19+AU12/AU$6*Mapping!$L$20+AV12/AV$6*Mapping!$L$21+AW12/AW$6*Mapping!$L$22+AX12/AX$6*Mapping!$L$23)/SUM(Mapping!$L$15:$L$23),"") | BN12: =IFERROR((AP12/AP$6*Mapping!$M$15+AQ12/AQ$6*Mapping!$M$16+AR12/AR$6*Mapping!$M$17+AS12/AS$6*Mapping!$M$18+AT12/AT$6*Mapping!$M$19+AU12/AU$6*Mapping!$M$20+AV12/AV$6*Mapping!$M$21+AW12/AW$6*Mapping!$M$22+AX12/AX$6*Mapping!$M$23)/SUM(Mapping!$M$15:$M$23),"") | BO12: =IFERROR((AP12/AP$6*Mapping!$N$15+AQ12/AQ$6*Mapping!$N$16+AR12/AR$6*Mapping!$N$17+AS12/AS$6*Mapping!$N$18+AT12/AT$6*Mapping!$N$19+AU12/AU$6*Mapping!$N$20+AV12/AV$6*Mapping!$N$21+AW12/AW$6*Mapping!$N$22+AX12/AX$6*Mapping!$N$23)/SUM(Mapping!$N$15:$N$23),"") | BP12: =IFERROR((AP12/AP$6*Mapping!$O$15+AQ12/AQ$6*Mapping!$O$16+AR12/AR$6*Mapping!$O$17+AS12/AS$6*Mapping!$O$18+AT12/AT$6*Mapping!$O$19+AU12/AU$6*Mapping!$O$20+AV12/AV$6*Mapping!$O$21+AW12/AW$6*Mapping!$O$22+AX12/AX$6*Mapping!$O$23)/SUM(Mapping!$O$15:$O$23),"") | BQ12: =IFERROR((AP12/AP$6*Mapping!$P$15+AQ12/AQ$6*Mapping!$P$16+AR12/AR$6*Mapping!$P$17+AS12/AS$6*Mapping!$P$18+AT12/AT$6*Mapping!$P$19+AU12/AU$6*Mapping!$P$20+AV12/AV$6*Mapping!$P$21+AW12/AW$6*Mapping!$P$22+AX12/AX$6*Mapping!$P$23)/SUM(Mapping!$P$15:$P$23),"") | BR12: =IF(BA12="","",BA12+N(AS12)/10000)
A13: 7 | B13: 3rd Sem - A | AP13: =IF(COUNT(I13,T13,AE13)=0,"",AVERAGE(I13,T13,AE13)) | AQ13: =IF(COUNT(J13,U13,AF13)=0,"",AVERAGE(J13,U13,AF13)) | AR13: =IF(COUNT(K13,V13,AG13)=0,"",AVERAGE(K13,V13,AG13)) | AS13: =IF(COUNT(L13,W13,AH13)=0,"",AVERAGE(L13,W13,AH13)) | AT13: =IF(COUNT(M13,X13,AI13)=0,"",AVERAGE(M13,X13,AI13)) | AU13: =IF(COUNT(N13,Y13,AJ13)=0,"",AVERAGE(N13,Y13,AJ13)) | AV13: =IF(COUNT(O13,Z13,AK13)=0,"",AVERAGE(O13,Z13,AK13)) | AW13: =IF(COUNT(P13,AA13,AL13)=0,"",AVERAGE(P13,AA13,AL13)) | AX13: =IF(COUNT(Q13,AB13,AM13)=0,"",AVERAGE(Q13,AB13,AM13)) | AY13: =IF(OR($F13="",COUNT(R13,AC13,AN13)=0),"",AVERAGE(R13,AC13,AN13)) | AZ13: =IF(OR($G13="",$G13=$F13,COUNT(S13,AD13,AO13)=0),"",AVERAGE(S13,AD13,AO13)) | BA13: =IF(COUNT(AP13:AX13)=0,"",SUM(AP13:AX13)) | BB13: =IF(BA13="","",BA13/BA$6) | BC13: =IF(BR13="","",COUNTIF($BR$7:$BR$26,">"&BR13)+COUNTIF($BR$7:BR13,BR13)) | BD13: =IF(BC13="","",IF(BC13<=Mapping!$C$11,"Shortlisted","Not shortlisted")) | BE13: =IFERROR((AP13/AP$6*Mapping!$D$15+AQ13/AQ$6*Mapping!$D$16+AR13/AR$6*Mapping!$D$17+AS13/AS$6*Mapping!$D$18+AT13/AT$6*Mapping!$D$19+AU13/AU$6*Mapping!$D$20+AV13/AV$6*Mapping!$D$21+AW13/AW$6*Mapping!$D$22+AX13/AX$6*Mapping!$D$23)/SUM(Mapping!$D$15:$D$23),"") | BF13: =IFERROR((AP13/AP$6*Mapping!$E$15+AQ13/AQ$6*Mapping!$E$16+AR13/AR$6*Mapping!$E$17+AS13/AS$6*Mapping!$E$18+AT13/AT$6*Mapping!$E$19+AU13/AU$6*Mapping!$E$20+AV13/AV$6*Mapping!$E$21+AW13/AW$6*Mapping!$E$22+AX13/AX$6*Mapping!$E$23)/SUM(Mapping!$E$15:$E$23),"") | BG13: =IFERROR((AP13/AP$6*Mapping!$F$15+AQ13/AQ$6*Mapping!$F$16+AR13/AR$6*Mapping!$F$17+AS13/AS$6*Mapping!$F$18+AT13/AT$6*Mapping!$F$19+AU13/AU$6*Mapping!$F$20+AV13/AV$6*Mapping!$F$21+AW13/AW$6*Mapping!$F$22+AX13/AX$6*Mapping!$F$23)/SUM(Mapping!$F$15:$F$23),"") | BH13: =IFERROR((AP13/AP$6*Mapping!$G$15+AQ13/AQ$6*Mapping!$G$16+AR13/AR$6*Mapping!$G$17+AS13/AS$6*Mapping!$G$18+AT13/AT$6*Mapping!$G$19+AU13/AU$6*Mapping!$G$20+AV13/AV$6*Mapping!$G$21+AW13/AW$6*Mapping!$G$22+AX13/AX$6*Mapping!$G$23)/SUM(Mapping!$G$15:$G$23),"") | BI13: =IFERROR((AP13/AP$6*Mapping!$H$15+AQ13/AQ$6*Mapping!$H$16+AR13/AR$6*Mapping!$H$17+AS13/AS$6*Mapping!$H$18+AT13/AT$6*Mapping!$H$19+AU13/AU$6*Mapping!$H$20+AV13/AV$6*Mapping!$H$21+AW13/AW$6*Mapping!$H$22+AX13/AX$6*Mapping!$H$23)/SUM(Mapping!$H$15:$H$23),"") | BJ13: =IFERROR((AP13/AP$6*Mapping!$I$15+AQ13/AQ$6*Mapping!$I$16+AR13/AR$6*Mapping!$I$17+AS13/AS$6*Mapping!$I$18+AT13/AT$6*Mapping!$I$19+AU13/AU$6*Mapping!$I$20+AV13/AV$6*Mapping!$I$21+AW13/AW$6*Mapping!$I$22+AX13/AX$6*Mapping!$I$23)/SUM(Mapping!$I$15:$I$23),"") | BK13: =IFERROR((AP13/AP$6*Mapping!$J$15+AQ13/AQ$6*Mapping!$J$16+AR13/AR$6*Mapping!$J$17+AS13/AS$6*Mapping!$J$18+AT13/AT$6*Mapping!$J$19+AU13/AU$6*Mapping!$J$20+AV13/AV$6*Mapping!$J$21+AW13/AW$6*Mapping!$J$22+AX13/AX$6*Mapping!$J$23)/SUM(Mapping!$J$15:$J$23),"") | BL13: =IFERROR((AP13/AP$6*Mapping!$K$15+AQ13/AQ$6*Mapping!$K$16+AR13/AR$6*Mapping!$K$17+AS13/AS$6*Mapping!$K$18+AT13/AT$6*Mapping!$K$19+AU13/AU$6*Mapping!$K$20+AV13/AV$6*Mapping!$K$21+AW13/AW$6*Mapping!$K$22+AX13/AX$6*Mapping!$K$23)/SUM(Mapping!$K$15:$K$23),"") | BM13: =IFERROR((AP13/AP$6*Mapping!$L$15+AQ13/AQ$6*Mapping!$L$16+AR13/AR$6*Mapping!$L$17+AS13/AS$6*Mapping!$L$18+AT13/AT$6*Mapping!$L$19+AU13/AU$6*Mapping!$L$20+AV13/AV$6*Mapping!$L$21+AW13/AW$6*Mapping!$L$22+AX13/AX$6*Mapping!$L$23)/SUM(Mapping!$L$15:$L$23),"") | BN13: =IFERROR((AP13/AP$6*Mapping!$M$15+AQ13/AQ$6*Mapping!$M$16+AR13/AR$6*Mapping!$M$17+AS13/AS$6*Mapping!$M$18+AT13/AT$6*Mapping!$M$19+AU13/AU$6*Mapping!$M$20+AV13/AV$6*Mapping!$M$21+AW13/AW$6*Mapping!$M$22+AX13/AX$6*Mapping!$M$23)/SUM(Mapping!$M$15:$M$23),"") | BO13: =IFERROR((AP13/AP$6*Mapping!$N$15+AQ13/AQ$6*Mapping!$N$16+AR13/AR$6*Mapping!$N$17+AS13/AS$6*Mapping!$N$18+AT13/AT$6*Mapping!$N$19+AU13/AU$6*Mapping!$N$20+AV13/AV$6*Mapping!$N$21+AW13/AW$6*Mapping!$N$22+AX13/AX$6*Mapping!$N$23)/SUM(Mapping!$N$15:$N$23),"") | BP13: =IFERROR((AP13/AP$6*Mapping!$O$15+AQ13/AQ$6*Mapping!$O$16+AR13/AR$6*Mapping!$O$17+AS13/AS$6*Mapping!$O$18+AT13/AT$6*Mapping!$O$19+AU13/AU$6*Mapping!$O$20+AV13/AV$6*Mapping!$O$21+AW13/AW$6*Mapping!$O$22+AX13/AX$6*Mapping!$O$23)/SUM(Mapping!$O$15:$O$23),"") | BQ13: =IFERROR((AP13/AP$6*Mapping!$P$15+AQ13/AQ$6*Mapping!$P$16+AR13/AR$6*Mapping!$P$17+AS13/AS$6*Mapping!$P$18+AT13/AT$6*Mapping!$P$19+AU13/AU$6*Mapping!$P$20+AV13/AV$6*Mapping!$P$21+AW13/AW$6*Mapping!$P$22+AX13/AX$6*Mapping!$P$23)/SUM(Mapping!$P$15:$P$23),"") | BR13: =IF(BA13="","",BA13+N(AS13)/10000)
A14: 8 | B14: 3rd Sem - A | AP14: =IF(COUNT(I14,T14,AE14)=0,"",AVERAGE(I14,T14,AE14)) | AQ14: =IF(COUNT(J14,U14,AF14)=0,"",AVERAGE(J14,U14,AF14)) | AR14: =IF(COUNT(K14,V14,AG14)=0,"",AVERAGE(K14,V14,AG14)) | AS14: =IF(COUNT(L14,W14,AH14)=0,"",AVERAGE(L14,W14,AH14)) | AT14: =IF(COUNT(M14,X14,AI14)=0,"",AVERAGE(M14,X14,AI14)) | AU14: =IF(COUNT(N14,Y14,AJ14)=0,"",AVERAGE(N14,Y14,AJ14)) | AV14: =IF(COUNT(O14,Z14,AK14)=0,"",AVERAGE(O14,Z14,AK14)) | AW14: =IF(COUNT(P14,AA14,AL14)=0,"",AVERAGE(P14,AA14,AL14)) | AX14: =IF(COUNT(Q14,AB14,AM14)=0,"",AVERAGE(Q14,AB14,AM14)) | AY14: =IF(OR($F14="",COUNT(R14,AC14,AN14)=0),"",AVERAGE(R14,AC14,AN14)) | AZ14: =IF(OR($G14="",$G14=$F14,COUNT(S14,AD14,AO14)=0),"",AVERAGE(S14,AD14,AO14)) | BA14: =IF(COUNT(AP14:AX14)=0,"",SUM(AP14:AX14)) | BB14: =IF(BA14="","",BA14/BA$6) | BC14: =IF(BR14="","",COUNTIF($BR$7:$BR$26,">"&BR14)+COUNTIF($BR$7:BR14,BR14)) | BD14: =IF(BC14="","",IF(BC14<=Mapping!$C$11,"Shortlisted","Not shortlisted")) | BE14: =IFERROR((AP14/AP$6*Mapping!$D$15+AQ14/AQ$6*Mapping!$D$16+AR14/AR$6*Mapping!$D$17+AS14/AS$6*Mapping!$D$18+AT14/AT$6*Mapping!$D$19+AU14/AU$6*Mapping!$D$20+AV14/AV$6*Mapping!$D$21+AW14/AW$6*Mapping!$D$22+AX14/AX$6*Mapping!$D$23)/SUM(Mapping!$D$15:$D$23),"") | BF14: =IFERROR((AP14/AP$6*Mapping!$E$15+AQ14/AQ$6*Mapping!$E$16+AR14/AR$6*Mapping!$E$17+AS14/AS$6*Mapping!$E$18+AT14/AT$6*Mapping!$E$19+AU14/AU$6*Mapping!$E$20+AV14/AV$6*Mapping!$E$21+AW14/AW$6*Mapping!$E$22+AX14/AX$6*Mapping!$E$23)/SUM(Mapping!$E$15:$E$23),"") | BG14: =IFERROR((AP14/AP$6*Mapping!$F$15+AQ14/AQ$6*Mapping!$F$16+AR14/AR$6*Mapping!$F$17+AS14/AS$6*Mapping!$F$18+AT14/AT$6*Mapping!$F$19+AU14/AU$6*Mapping!$F$20+AV14/AV$6*Mapping!$F$21+AW14/AW$6*Mapping!$F$22+AX14/AX$6*Mapping!$F$23)/SUM(Mapping!$F$15:$F$23),"") | BH14: =IFERROR((AP14/AP$6*Mapping!$G$15+AQ14/AQ$6*Mapping!$G$16+AR14/AR$6*Mapping!$G$17+AS14/AS$6*Mapping!$G$18+AT14/AT$6*Mapping!$G$19+AU14/AU$6*Mapping!$G$20+AV14/AV$6*Mapping!$G$21+AW14/AW$6*Mapping!$G$22+AX14/AX$6*Mapping!$G$23)/SUM(Mapping!$G$15:$G$23),"") | BI14: =IFERROR((AP14/AP$6*Mapping!$H$15+AQ14/AQ$6*Mapping!$H$16+AR14/AR$6*Mapping!$H$17+AS14/AS$6*Mapping!$H$18+AT14/AT$6*Mapping!$H$19+AU14/AU$6*Mapping!$H$20+AV14/AV$6*Mapping!$H$21+AW14/AW$6*Mapping!$H$22+AX14/AX$6*Mapping!$H$23)/SUM(Mapping!$H$15:$H$23),"") | BJ14: =IFERROR((AP14/AP$6*Mapping!$I$15+AQ14/AQ$6*Mapping!$I$16+AR14/AR$6*Mapping!$I$17+AS14/AS$6*Mapping!$I$18+AT14/AT$6*Mapping!$I$19+AU14/AU$6*Mapping!$I$20+AV14/AV$6*Mapping!$I$21+AW14/AW$6*Mapping!$I$22+AX14/AX$6*Mapping!$I$23)/SUM(Mapping!$I$15:$I$23),"") | BK14: =IFERROR((AP14/AP$6*Mapping!$J$15+AQ14/AQ$6*Mapping!$J$16+AR14/AR$6*Mapping!$J$17+AS14/AS$6*Mapping!$J$18+AT14/AT$6*Mapping!$J$19+AU14/AU$6*Mapping!$J$20+AV14/AV$6*Mapping!$J$21+AW14/AW$6*Mapping!$J$22+AX14/AX$6*Mapping!$J$23)/SUM(Mapping!$J$15:$J$23),"") | BL14: =IFERROR((AP14/AP$6*Mapping!$K$15+AQ14/AQ$6*Mapping!$K$16+AR14/AR$6*Mapping!$K$17+AS14/AS$6*Mapping!$K$18+AT14/AT$6*Mapping!$K$19+AU14/AU$6*Mapping!$K$20+AV14/AV$6*Mapping!$K$21+AW14/AW$6*Mapping!$K$22+AX14/AX$6*Mapping!$K$23)/SUM(Mapping!$K$15:$K$23),"") | BM14: =IFERROR((AP14/AP$6*Mapping!$L$15+AQ14/AQ$6*Mapping!$L$16+AR14/AR$6*Mapping!$L$17+AS14/AS$6*Mapping!$L$18+AT14/AT$6*Mapping!$L$19+AU14/AU$6*Mapping!$L$20+AV14/AV$6*Mapping!$L$21+AW14/AW$6*Mapping!$L$22+AX14/AX$6*Mapping!$L$23)/SUM(Mapping!$L$15:$L$23),"") | BN14: =IFERROR((AP14/AP$6*Mapping!$M$15+AQ14/AQ$6*Mapping!$M$16+AR14/AR$6*Mapping!$M$17+AS14/AS$6*Mapping!$M$18+AT14/AT$6*Mapping!$M$19+AU14/AU$6*Mapping!$M$20+AV14/AV$6*Mapping!$M$21+AW14/AW$6*Mapping!$M$22+AX14/AX$6*Mapping!$M$23)/SUM(Mapping!$M$15:$M$23),"") | BO14: =IFERROR((AP14/AP$6*Mapping!$N$15+AQ14/AQ$6*Mapping!$N$16+AR14/AR$6*Mapping!$N$17+AS14/AS$6*Mapping!$N$18+AT14/AT$6*Mapping!$N$19+AU14/AU$6*Mapping!$N$20+AV14/AV$6*Mapping!$N$21+AW14/AW$6*Mapping!$N$22+AX14/AX$6*Mapping!$N$23)/SUM(Mapping!$N$15:$N$23),"") | BP14: =IFERROR((AP14/AP$6*Mapping!$O$15+AQ14/AQ$6*Mapping!$O$16+AR14/AR$6*Mapping!$O$17+AS14/AS$6*Mapping!$O$18+AT14/AT$6*Mapping!$O$19+AU14/AU$6*Mapping!$O$20+AV14/AV$6*Mapping!$O$21+AW14/AW$6*Mapping!$O$22+AX14/AX$6*Mapping!$O$23)/SUM(Mapping!$O$15:$O$23),"") | BQ14: =IFERROR((AP14/AP$6*Mapping!$P$15+AQ14/AQ$6*Mapping!$P$16+AR14/AR$6*Mapping!$P$17+AS14/AS$6*Mapping!$P$18+AT14/AT$6*Mapping!$P$19+AU14/AU$6*Mapping!$P$20+AV14/AV$6*Mapping!$P$21+AW14/AW$6*Mapping!$P$22+AX14/AX$6*Mapping!$P$23)/SUM(Mapping!$P$15:$P$23),"") | BR14: =IF(BA14="","",BA14+N(AS14)/10000)
A15: 9 | B15: 3rd Sem - A | AP15: =IF(COUNT(I15,T15,AE15)=0,"",AVERAGE(I15,T15,AE15)) | AQ15: =IF(COUNT(J15,U15,AF15)=0,"",AVERAGE(J15,U15,AF15)) | AR15: =IF(COUNT(K15,V15,AG15)=0,"",AVERAGE(K15,V15,AG15)) | AS15: =IF(COUNT(L15,W15,AH15)=0,"",AVERAGE(L15,W15,AH15)) | AT15: =IF(COUNT(M15,X15,AI15)=0,"",AVERAGE(M15,X15,AI15)) | AU15: =IF(COUNT(N15,Y15,AJ15)=0,"",AVERAGE(N15,Y15,AJ15)) | AV15: =IF(COUNT(O15,Z15,AK15)=0,"",AVERAGE(O15,Z15,AK15)) | AW15: =IF(COUNT(P15,AA15,AL15)=0,"",AVERAGE(P15,AA15,AL15)) | AX15: =IF(COUNT(Q15,AB15,AM15)=0,"",AVERAGE(Q15,AB15,AM15)) | AY15: =IF(OR($F15="",COUNT(R15,AC15,AN15)=0),"",AVERAGE(R15,AC15,AN15)) | AZ15: =IF(OR($G15="",$G15=$F15,COUNT(S15,AD15,AO15)=0),"",AVERAGE(S15,AD15,AO15)) | BA15: =IF(COUNT(AP15:AX15)=0,"",SUM(AP15:AX15)) | BB15: =IF(BA15="","",BA15/BA$6) | BC15: =IF(BR15="","",COUNTIF($BR$7:$BR$26,">"&BR15)+COUNTIF($BR$7:BR15,BR15)) | BD15: =IF(BC15="","",IF(BC15<=Mapping!$C$11,"Shortlisted","Not shortlisted")) | BE15: =IFERROR((AP15/AP$6*Mapping!$D$15+AQ15/AQ$6*Mapping!$D$16+AR15/AR$6*Mapping!$D$17+AS15/AS$6*Mapping!$D$18+AT15/AT$6*Mapping!$D$19+AU15/AU$6*Mapping!$D$20+AV15/AV$6*Mapping!$D$21+AW15/AW$6*Mapping!$D$22+AX15/AX$6*Mapping!$D$23)/SUM(Mapping!$D$15:$D$23),"") | BF15: =IFERROR((AP15/AP$6*Mapping!$E$15+AQ15/AQ$6*Mapping!$E$16+AR15/AR$6*Mapping!$E$17+AS15/AS$6*Mapping!$E$18+AT15/AT$6*Mapping!$E$19+AU15/AU$6*Mapping!$E$20+AV15/AV$6*Mapping!$E$21+AW15/AW$6*Mapping!$E$22+AX15/AX$6*Mapping!$E$23)/SUM(Mapping!$E$15:$E$23),"") | BG15: =IFERROR((AP15/AP$6*Mapping!$F$15+AQ15/AQ$6*Mapping!$F$16+AR15/AR$6*Mapping!$F$17+AS15/AS$6*Mapping!$F$18+AT15/AT$6*Mapping!$F$19+AU15/AU$6*Mapping!$F$20+AV15/AV$6*Mapping!$F$21+AW15/AW$6*Mapping!$F$22+AX15/AX$6*Mapping!$F$23)/SUM(Mapping!$F$15:$F$23),"") | BH15: =IFERROR((AP15/AP$6*Mapping!$G$15+AQ15/AQ$6*Mapping!$G$16+AR15/AR$6*Mapping!$G$17+AS15/AS$6*Mapping!$G$18+AT15/AT$6*Mapping!$G$19+AU15/AU$6*Mapping!$G$20+AV15/AV$6*Mapping!$G$21+AW15/AW$6*Mapping!$G$22+AX15/AX$6*Mapping!$G$23)/SUM(Mapping!$G$15:$G$23),"") | BI15: =IFERROR((AP15/AP$6*Mapping!$H$15+AQ15/AQ$6*Mapping!$H$16+AR15/AR$6*Mapping!$H$17+AS15/AS$6*Mapping!$H$18+AT15/AT$6*Mapping!$H$19+AU15/AU$6*Mapping!$H$20+AV15/AV$6*Mapping!$H$21+AW15/AW$6*Mapping!$H$22+AX15/AX$6*Mapping!$H$23)/SUM(Mapping!$H$15:$H$23),"") | BJ15: =IFERROR((AP15/AP$6*Mapping!$I$15+AQ15/AQ$6*Mapping!$I$16+AR15/AR$6*Mapping!$I$17+AS15/AS$6*Mapping!$I$18+AT15/AT$6*Mapping!$I$19+AU15/AU$6*Mapping!$I$20+AV15/AV$6*Mapping!$I$21+AW15/AW$6*Mapping!$I$22+AX15/AX$6*Mapping!$I$23)/SUM(Mapping!$I$15:$I$23),"") | BK15: =IFERROR((AP15/AP$6*Mapping!$J$15+AQ15/AQ$6*Mapping!$J$16+AR15/AR$6*Mapping!$J$17+AS15/AS$6*Mapping!$J$18+AT15/AT$6*Mapping!$J$19+AU15/AU$6*Mapping!$J$20+AV15/AV$6*Mapping!$J$21+AW15/AW$6*Mapping!$J$22+AX15/AX$6*Mapping!$J$23)/SUM(Mapping!$J$15:$J$23),"") | BL15: =IFERROR((AP15/AP$6*Mapping!$K$15+AQ15/AQ$6*Mapping!$K$16+AR15/AR$6*Mapping!$K$17+AS15/AS$6*Mapping!$K$18+AT15/AT$6*Mapping!$K$19+AU15/AU$6*Mapping!$K$20+AV15/AV$6*Mapping!$K$21+AW15/AW$6*Mapping!$K$22+AX15/AX$6*Mapping!$K$23)/SUM(Mapping!$K$15:$K$23),"") | BM15: =IFERROR((AP15/AP$6*Mapping!$L$15+AQ15/AQ$6*Mapping!$L$16+AR15/AR$6*Mapping!$L$17+AS15/AS$6*Mapping!$L$18+AT15/AT$6*Mapping!$L$19+AU15/AU$6*Mapping!$L$20+AV15/AV$6*Mapping!$L$21+AW15/AW$6*Mapping!$L$22+AX15/AX$6*Mapping!$L$23)/SUM(Mapping!$L$15:$L$23),"") | BN15: =IFERROR((AP15/AP$6*Mapping!$M$15+AQ15/AQ$6*Mapping!$M$16+AR15/AR$6*Mapping!$M$17+AS15/AS$6*Mapping!$M$18+AT15/AT$6*Mapping!$M$19+AU15/AU$6*Mapping!$M$20+AV15/AV$6*Mapping!$M$21+AW15/AW$6*Mapping!$M$22+AX15/AX$6*Mapping!$M$23)/SUM(Mapping!$M$15:$M$23),"") | BO15: =IFERROR((AP15/AP$6*Mapping!$N$15+AQ15/AQ$6*Mapping!$N$16+AR15/AR$6*Mapping!$N$17+AS15/AS$6*Mapping!$N$18+AT15/AT$6*Mapping!$N$19+AU15/AU$6*Mapping!$N$20+AV15/AV$6*Mapping!$N$21+AW15/AW$6*Mapping!$N$22+AX15/AX$6*Mapping!$N$23)/SUM(Mapping!$N$15:$N$23),"") | BP15: =IFERROR((AP15/AP$6*Mapping!$O$15+AQ15/AQ$6*Mapping!$O$16+AR15/AR$6*Mapping!$O$17+AS15/AS$6*Mapping!$O$18+AT15/AT$6*Mapping!$O$19+AU15/AU$6*Mapping!$O$20+AV15/AV$6*Mapping!$O$21+AW15/AW$6*Mapping!$O$22+AX15/AX$6*Mapping!$O$23)/SUM(Mapping!$O$15:$O$23),"") | BQ15: =IFERROR((AP15/AP$6*Mapping!$P$15+AQ15/AQ$6*Mapping!$P$16+AR15/AR$6*Mapping!$P$17+AS15/AS$6*Mapping!$P$18+AT15/AT$6*Mapping!$P$19+AU15/AU$6*Mapping!$P$20+AV15/AV$6*Mapping!$P$21+AW15/AW$6*Mapping!$P$22+AX15/AX$6*Mapping!$P$23)/SUM(Mapping!$P$15:$P$23),"") | BR15: =IF(BA15="","",BA15+N(AS15)/10000)
A16: 10 | B16: 3rd Sem - A | AP16: =IF(COUNT(I16,T16,AE16)=0,"",AVERAGE(I16,T16,AE16)) | AQ16: =IF(COUNT(J16,U16,AF16)=0,"",AVERAGE(J16,U16,AF16)) | AR16: =IF(COUNT(K16,V16,AG16)=0,"",AVERAGE(K16,V16,AG16)) | AS16: =IF(COUNT(L16,W16,AH16)=0,"",AVERAGE(L16,W16,AH16)) | AT16: =IF(COUNT(M16,X16,AI16)=0,"",AVERAGE(M16,X16,AI16)) | AU16: =IF(COUNT(N16,Y16,AJ16)=0,"",AVERAGE(N16,Y16,AJ16)) | AV16: =IF(COUNT(O16,Z16,AK16)=0,"",AVERAGE(O16,Z16,AK16)) | AW16: =IF(COUNT(P16,AA16,AL16)=0,"",AVERAGE(P16,AA16,AL16)) | AX16: =IF(COUNT(Q16,AB16,AM16)=0,"",AVERAGE(Q16,AB16,AM16)) | AY16: =IF(OR($F16="",COUNT(R16,AC16,AN16)=0),"",AVERAGE(R16,AC16,AN16)) | AZ16: =IF(OR($G16="",$G16=$F16,COUNT(S16,AD16,AO16)=0),"",AVERAGE(S16,AD16,AO16)) | BA16: =IF(COUNT(AP16:AX16)=0,"",SUM(AP16:AX16)) | BB16: =IF(BA16="","",BA16/BA$6) | BC16: =IF(BR16="","",COUNTIF($BR$7:$BR$26,">"&BR16)+COUNTIF($BR$7:BR16,BR16)) | BD16: =IF(BC16="","",IF(BC16<=Mapping!$C$11,"Shortlisted","Not shortlisted")) | BE16: =IFERROR((AP16/AP$6*Mapping!$D$15+AQ16/AQ$6*Mapping!$D$16+AR16/AR$6*Mapping!$D$17+AS16/AS$6*Mapping!$D$18+AT16/AT$6*Mapping!$D$19+AU16/AU$6*Mapping!$D$20+AV16/AV$6*Mapping!$D$21+AW16/AW$6*Mapping!$D$22+AX16/AX$6*Mapping!$D$23)/SUM(Mapping!$D$15:$D$23),"") | BF16: =IFERROR((AP16/AP$6*Mapping!$E$15+AQ16/AQ$6*Mapping!$E$16+AR16/AR$6*Mapping!$E$17+AS16/AS$6*Mapping!$E$18+AT16/AT$6*Mapping!$E$19+AU16/AU$6*Mapping!$E$20+AV16/AV$6*Mapping!$E$21+AW16/AW$6*Mapping!$E$22+AX16/AX$6*Mapping!$E$23)/SUM(Mapping!$E$15:$E$23),"") | BG16: =IFERROR((AP16/AP$6*Mapping!$F$15+AQ16/AQ$6*Mapping!$F$16+AR16/AR$6*Mapping!$F$17+AS16/AS$6*Mapping!$F$18+AT16/AT$6*Mapping!$F$19+AU16/AU$6*Mapping!$F$20+AV16/AV$6*Mapping!$F$21+AW16/AW$6*Mapping!$F$22+AX16/AX$6*Mapping!$F$23)/SUM(Mapping!$F$15:$F$23),"") | BH16: =IFERROR((AP16/AP$6*Mapping!$G$15+AQ16/AQ$6*Mapping!$G$16+AR16/AR$6*Mapping!$G$17+AS16/AS$6*Mapping!$G$18+AT16/AT$6*Mapping!$G$19+AU16/AU$6*Mapping!$G$20+AV16/AV$6*Mapping!$G$21+AW16/AW$6*Mapping!$G$22+AX16/AX$6*Mapping!$G$23)/SUM(Mapping!$G$15:$G$23),"") | BI16: =IFERROR((AP16/AP$6*Mapping!$H$15+AQ16/AQ$6*Mapping!$H$16+AR16/AR$6*Mapping!$H$17+AS16/AS$6*Mapping!$H$18+AT16/AT$6*Mapping!$H$19+AU16/AU$6*Mapping!$H$20+AV16/AV$6*Mapping!$H$21+AW16/AW$6*Mapping!$H$22+AX16/AX$6*Mapping!$H$23)/SUM(Mapping!$H$15:$H$23),"") | BJ16: =IFERROR((AP16/AP$6*Mapping!$I$15+AQ16/AQ$6*Mapping!$I$16+AR16/AR$6*Mapping!$I$17+AS16/AS$6*Mapping!$I$18+AT16/AT$6*Mapping!$I$19+AU16/AU$6*Mapping!$I$20+AV16/AV$6*Mapping!$I$21+AW16/AW$6*Mapping!$I$22+AX16/AX$6*Mapping!$I$23)/SUM(Mapping!$I$15:$I$23),"") | BK16: =IFERROR((AP16/AP$6*Mapping!$J$15+AQ16/AQ$6*Mapping!$J$16+AR16/AR$6*Mapping!$J$17+AS16/AS$6*Mapping!$J$18+AT16/AT$6*Mapping!$J$19+AU16/AU$6*Mapping!$J$20+AV16/AV$6*Mapping!$J$21+AW16/AW$6*Mapping!$J$22+AX16/AX$6*Mapping!$J$23)/SUM(Mapping!$J$15:$J$23),"") | BL16: =IFERROR((AP16/AP$6*Mapping!$K$15+AQ16/AQ$6*Mapping!$K$16+AR16/AR$6*Mapping!$K$17+AS16/AS$6*Mapping!$K$18+AT16/AT$6*Mapping!$K$19+AU16/AU$6*Mapping!$K$20+AV16/AV$6*Mapping!$K$21+AW16/AW$6*Mapping!$K$22+AX16/AX$6*Mapping!$K$23)/SUM(Mapping!$K$15:$K$23),"") | BM16: =IFERROR((AP16/AP$6*Mapping!$L$15+AQ16/AQ$6*Mapping!$L$16+AR16/AR$6*Mapping!$L$17+AS16/AS$6*Mapping!$L$18+AT16/AT$6*Mapping!$L$19+AU16/AU$6*Mapping!$L$20+AV16/AV$6*Mapping!$L$21+AW16/AW$6*Mapping!$L$22+AX16/AX$6*Mapping!$L$23)/SUM(Mapping!$L$15:$L$23),"") | BN16: =IFERROR((AP16/AP$6*Mapping!$M$15+AQ16/AQ$6*Mapping!$M$16+AR16/AR$6*Mapping!$M$17+AS16/AS$6*Mapping!$M$18+AT16/AT$6*Mapping!$M$19+AU16/AU$6*Mapping!$M$20+AV16/AV$6*Mapping!$M$21+AW16/AW$6*Mapping!$M$22+AX16/AX$6*Mapping!$M$23)/SUM(Mapping!$M$15:$M$23),"") | BO16: =IFERROR((AP16/AP$6*Mapping!$N$15+AQ16/AQ$6*Mapping!$N$16+AR16/AR$6*Mapping!$N$17+AS16/AS$6*Mapping!$N$18+AT16/AT$6*Mapping!$N$19+AU16/AU$6*Mapping!$N$20+AV16/AV$6*Mapping!$N$21+AW16/AW$6*Mapping!$N$22+AX16/AX$6*Mapping!$N$23)/SUM(Mapping!$N$15:$N$23),"") | BP16: =IFERROR((AP16/AP$6*Mapping!$O$15+AQ16/AQ$6*Mapping!$O$16+AR16/AR$6*Mapping!$O$17+AS16/AS$6*Mapping!$O$18+AT16/AT$6*Mapping!$O$19+AU16/AU$6*Mapping!$O$20+AV16/AV$6*Mapping!$O$21+AW16/AW$6*Mapping!$O$22+AX16/AX$6*Mapping!$O$23)/SUM(Mapping!$O$15:$O$23),"") | BQ16: =IFERROR((AP16/AP$6*Mapping!$P$15+AQ16/AQ$6*Mapping!$P$16+AR16/AR$6*Mapping!$P$17+AS16/AS$6*Mapping!$P$18+AT16/AT$6*Mapping!$P$19+AU16/AU$6*Mapping!$P$20+AV16/AV$6*Mapping!$P$21+AW16/AW$6*Mapping!$P$22+AX16/AX$6*Mapping!$P$23)/SUM(Mapping!$P$15:$P$23),"") | BR16: =IF(BA16="","",BA16+N(AS16)/10000)
A17: 11 | B17: 3rd Sem - A | AP17: =IF(COUNT(I17,T17,AE17)=0,"",AVERAGE(I17,T17,AE17)) | AQ17: =IF(COUNT(J17,U17,AF17)=0,"",AVERAGE(J17,U17,AF17)) | AR17: =IF(COUNT(K17,V17,AG17)=0,"",AVERAGE(K17,V17,AG17)) | AS17: =IF(COUNT(L17,W17,AH17)=0,"",AVERAGE(L17,W17,AH17)) | AT17: =IF(COUNT(M17,X17,AI17)=0,"",AVERAGE(M17,X17,AI17)) | AU17: =IF(COUNT(N17,Y17,AJ17)=0,"",AVERAGE(N17,Y17,AJ17)) | AV17: =IF(COUNT(O17,Z17,AK17)=0,"",AVERAGE(O17,Z17,AK17)) | AW17: =IF(COUNT(P17,AA17,AL17)=0,"",AVERAGE(P17,AA17,AL17)) | AX17: =IF(COUNT(Q17,AB17,AM17)=0,"",AVERAGE(Q17,AB17,AM17)) | AY17: =IF(OR($F17="",COUNT(R17,AC17,AN17)=0),"",AVERAGE(R17,AC17,AN17)) | AZ17: =IF(OR($G17="",$G17=$F17,COUNT(S17,AD17,AO17)=0),"",AVERAGE(S17,AD17,AO17)) | BA17: =IF(COUNT(AP17:AX17)=0,"",SUM(AP17:AX17)) | BB17: =IF(BA17="","",BA17/BA$6) | BC17: =IF(BR17="","",COUNTIF($BR$7:$BR$26,">"&BR17)+COUNTIF($BR$7:BR17,BR17)) | BD17: =IF(BC17="","",IF(BC17<=Mapping!$C$11,"Shortlisted","Not shortlisted")) | BE17: =IFERROR((AP17/AP$6*Mapping!$D$15+AQ17/AQ$6*Mapping!$D$16+AR17/AR$6*Mapping!$D$17+AS17/AS$6*Mapping!$D$18+AT17/AT$6*Mapping!$D$19+AU17/AU$6*Mapping!$D$20+AV17/AV$6*Mapping!$D$21+AW17/AW$6*Mapping!$D$22+AX17/AX$6*Mapping!$D$23)/SUM(Mapping!$D$15:$D$23),"") | BF17: =IFERROR((AP17/AP$6*Mapping!$E$15+AQ17/AQ$6*Mapping!$E$16+AR17/AR$6*Mapping!$E$17+AS17/AS$6*Mapping!$E$18+AT17/AT$6*Mapping!$E$19+AU17/AU$6*Mapping!$E$20+AV17/AV$6*Mapping!$E$21+AW17/AW$6*Mapping!$E$22+AX17/AX$6*Mapping!$E$23)/SUM(Mapping!$E$15:$E$23),"") | BG17: =IFERROR((AP17/AP$6*Mapping!$F$15+AQ17/AQ$6*Mapping!$F$16+AR17/AR$6*Mapping!$F$17+AS17/AS$6*Mapping!$F$18+AT17/AT$6*Mapping!$F$19+AU17/AU$6*Mapping!$F$20+AV17/AV$6*Mapping!$F$21+AW17/AW$6*Mapping!$F$22+AX17/AX$6*Mapping!$F$23)/SUM(Mapping!$F$15:$F$23),"") | BH17: =IFERROR((AP17/AP$6*Mapping!$G$15+AQ17/AQ$6*Mapping!$G$16+AR17/AR$6*Mapping!$G$17+AS17/AS$6*Mapping!$G$18+AT17/AT$6*Mapping!$G$19+AU17/AU$6*Mapping!$G$20+AV17/AV$6*Mapping!$G$21+AW17/AW$6*Mapping!$G$22+AX17/AX$6*Mapping!$G$23)/SUM(Mapping!$G$15:$G$23),"") | BI17: =IFERROR((AP17/AP$6*Mapping!$H$15+AQ17/AQ$6*Mapping!$H$16+AR17/AR$6*Mapping!$H$17+AS17/AS$6*Mapping!$H$18+AT17/AT$6*Mapping!$H$19+AU17/AU$6*Mapping!$H$20+AV17/AV$6*Mapping!$H$21+AW17/AW$6*Mapping!$H$22+AX17/AX$6*Mapping!$H$23)/SUM(Mapping!$H$15:$H$23),"") | BJ17: =IFERROR((AP17/AP$6*Mapping!$I$15+AQ17/AQ$6*Mapping!$I$16+AR17/AR$6*Mapping!$I$17+AS17/AS$6*Mapping!$I$18+AT17/AT$6*Mapping!$I$19+AU17/AU$6*Mapping!$I$20+AV17/AV$6*Mapping!$I$21+AW17/AW$6*Mapping!$I$22+AX17/AX$6*Mapping!$I$23)/SUM(Mapping!$I$15:$I$23),"") | BK17: =IFERROR((AP17/AP$6*Mapping!$J$15+AQ17/AQ$6*Mapping!$J$16+AR17/AR$6*Mapping!$J$17+AS17/AS$6*Mapping!$J$18+AT17/AT$6*Mapping!$J$19+AU17/AU$6*Mapping!$J$20+AV17/AV$6*Mapping!$J$21+AW17/AW$6*Mapping!$J$22+AX17/AX$6*Mapping!$J$23)/SUM(Mapping!$J$15:$J$23),"") | BL17: =IFERROR((AP17/AP$6*Mapping!$K$15+AQ17/AQ$6*Mapping!$K$16+AR17/AR$6*Mapping!$K$17+AS17/AS$6*Mapping!$K$18+AT17/AT$6*Mapping!$K$19+AU17/AU$6*Mapping!$K$20+AV17/AV$6*Mapping!$K$21+AW17/AW$6*Mapping!$K$22+AX17/AX$6*Mapping!$K$23)/SUM(Mapping!$K$15:$K$23),"") | BM17: =IFERROR((AP17/AP$6*Mapping!$L$15+AQ17/AQ$6*Mapping!$L$16+AR17/AR$6*Mapping!$L$17+AS17/AS$6*Mapping!$L$18+AT17/AT$6*Mapping!$L$19+AU17/AU$6*Mapping!$L$20+AV17/AV$6*Mapping!$L$21+AW17/AW$6*Mapping!$L$22+AX17/AX$6*Mapping!$L$23)/SUM(Mapping!$L$15:$L$23),"") | BN17: =IFERROR((AP17/AP$6*Mapping!$M$15+AQ17/AQ$6*Mapping!$M$16+AR17/AR$6*Mapping!$M$17+AS17/AS$6*Mapping!$M$18+AT17/AT$6*Mapping!$M$19+AU17/AU$6*Mapping!$M$20+AV17/AV$6*Mapping!$M$21+AW17/AW$6*Mapping!$M$22+AX17/AX$6*Mapping!$M$23)/SUM(Mapping!$M$15:$M$23),"") | BO17: =IFERROR((AP17/AP$6*Mapping!$N$15+AQ17/AQ$6*Mapping!$N$16+AR17/AR$6*Mapping!$N$17+AS17/AS$6*Mapping!$N$18+AT17/AT$6*Mapping!$N$19+AU17/AU$6*Mapping!$N$20+AV17/AV$6*Mapping!$N$21+AW17/AW$6*Mapping!$N$22+AX17/AX$6*Mapping!$N$23)/SUM(Mapping!$N$15:$N$23),"") | BP17: =IFERROR((AP17/AP$6*Mapping!$O$15+AQ17/AQ$6*Mapping!$O$16+AR17/AR$6*Mapping!$O$17+AS17/AS$6*Mapping!$O$18+AT17/AT$6*Mapping!$O$19+AU17/AU$6*Mapping!$O$20+AV17/AV$6*Mapping!$O$21+AW17/AW$6*Mapping!$O$22+AX17/AX$6*Mapping!$O$23)/SUM(Mapping!$O$15:$O$23),"") | BQ17: =IFERROR((AP17/AP$6*Mapping!$P$15+AQ17/AQ$6*Mapping!$P$16+AR17/AR$6*Mapping!$P$17+AS17/AS$6*Mapping!$P$18+AT17/AT$6*Mapping!$P$19+AU17/AU$6*Mapping!$P$20+AV17/AV$6*Mapping!$P$21+AW17/AW$6*Mapping!$P$22+AX17/AX$6*Mapping!$P$23)/SUM(Mapping!$P$15:$P$23),"") | BR17: =IF(BA17="","",BA17+N(AS17)/10000)
A18: 12 | B18: 3rd Sem - A | AP18: =IF(COUNT(I18,T18,AE18)=0,"",AVERAGE(I18,T18,AE18)) | AQ18: =IF(COUNT(J18,U18,AF18)=0,"",AVERAGE(J18,U18,AF18)) | AR18: =IF(COUNT(K18,V18,AG18)=0,"",AVERAGE(K18,V18,AG18)) | AS18: =IF(COUNT(L18,W18,AH18)=0,"",AVERAGE(L18,W18,AH18)) | AT18: =IF(COUNT(M18,X18,AI18)=0,"",AVERAGE(M18,X18,AI18)) | AU18: =IF(COUNT(N18,Y18,AJ18)=0,"",AVERAGE(N18,Y18,AJ18)) | AV18: =IF(COUNT(O18,Z18,AK18)=0,"",AVERAGE(O18,Z18,AK18)) | AW18: =IF(COUNT(P18,AA18,AL18)=0,"",AVERAGE(P18,AA18,AL18)) | AX18: =IF(COUNT(Q18,AB18,AM18)=0,"",AVERAGE(Q18,AB18,AM18)) | AY18: =IF(OR($F18="",COUNT(R18,AC18,AN18)=0),"",AVERAGE(R18,AC18,AN18)) | AZ18: =IF(OR($G18="",$G18=$F18,COUNT(S18,AD18,AO18)=0),"",AVERAGE(S18,AD18,AO18)) | BA18: =IF(COUNT(AP18:AX18)=0,"",SUM(AP18:AX18)) | BB18: =IF(BA18="","",BA18/BA$6) | BC18: =IF(BR18="","",COUNTIF($BR$7:$BR$26,">"&BR18)+COUNTIF($BR$7:BR18,BR18)) | BD18: =IF(BC18="","",IF(BC18<=Mapping!$C$11,"Shortlisted","Not shortlisted")) | BE18: =IFERROR((AP18/AP$6*Mapping!$D$15+AQ18/AQ$6*Mapping!$D$16+AR18/AR$6*Mapping!$D$17+AS18/AS$6*Mapping!$D$18+AT18/AT$6*Mapping!$D$19+AU18/AU$6*Mapping!$D$20+AV18/AV$6*Mapping!$D$21+AW18/AW$6*Mapping!$D$22+AX18/AX$6*Mapping!$D$23)/SUM(Mapping!$D$15:$D$23),"") | BF18: =IFERROR((AP18/AP$6*Mapping!$E$15+AQ18/AQ$6*Mapping!$E$16+AR18/AR$6*Mapping!$E$17+AS18/AS$6*Mapping!$E$18+AT18/AT$6*Mapping!$E$19+AU18/AU$6*Mapping!$E$20+AV18/AV$6*Mapping!$E$21+AW18/AW$6*Mapping!$E$22+AX18/AX$6*Mapping!$E$23)/SUM(Mapping!$E$15:$E$23),"") | BG18: =IFERROR((AP18/AP$6*Mapping!$F$15+AQ18/AQ$6*Mapping!$F$16+AR18/AR$6*Mapping!$F$17+AS18/AS$6*Mapping!$F$18+AT18/AT$6*Mapping!$F$19+AU18/AU$6*Mapping!$F$20+AV18/AV$6*Mapping!$F$21+AW18/AW$6*Mapping!$F$22+AX18/AX$6*Mapping!$F$23)/SUM(Mapping!$F$15:$F$23),"") | BH18: =IFERROR((AP18/AP$6*Mapping!$G$15+AQ18/AQ$6*Mapping!$G$16+AR18/AR$6*Mapping!$G$17+AS18/AS$6*Mapping!$G$18+AT18/AT$6*Mapping!$G$19+AU18/AU$6*Mapping!$G$20+AV18/AV$6*Mapping!$G$21+AW18/AW$6*Mapping!$G$22+AX18/AX$6*Mapping!$G$23)/SUM(Mapping!$G$15:$G$23),"") | BI18: =IFERROR((AP18/AP$6*Mapping!$H$15+AQ18/AQ$6*Mapping!$H$16+AR18/AR$6*Mapping!$H$17+AS18/AS$6*Mapping!$H$18+AT18/AT$6*Mapping!$H$19+AU18/AU$6*Mapping!$H$20+AV18/AV$6*Mapping!$H$21+AW18/AW$6*Mapping!$H$22+AX18/AX$6*Mapping!$H$23)/SUM(Mapping!$H$15:$H$23),"") | BJ18: =IFERROR((AP18/AP$6*Mapping!$I$15+AQ18/AQ$6*Mapping!$I$16+AR18/AR$6*Mapping!$I$17+AS18/AS$6*Mapping!$I$18+AT18/AT$6*Mapping!$I$19+AU18/AU$6*Mapping!$I$20+AV18/AV$6*Mapping!$I$21+AW18/AW$6*Mapping!$I$22+AX18/AX$6*Mapping!$I$23)/SUM(Mapping!$I$15:$I$23),"") | BK18: =IFERROR((AP18/AP$6*Mapping!$J$15+AQ18/AQ$6*Mapping!$J$16+AR18/AR$6*Mapping!$J$17+AS18/AS$6*Mapping!$J$18+AT18/AT$6*Mapping!$J$19+AU18/AU$6*Mapping!$J$20+AV18/AV$6*Mapping!$J$21+AW18/AW$6*Mapping!$J$22+AX18/AX$6*Mapping!$J$23)/SUM(Mapping!$J$15:$J$23),"") | BL18: =IFERROR((AP18/AP$6*Mapping!$K$15+AQ18/AQ$6*Mapping!$K$16+AR18/AR$6*Mapping!$K$17+AS18/AS$6*Mapping!$K$18+AT18/AT$6*Mapping!$K$19+AU18/AU$6*Mapping!$K$20+AV18/AV$6*Mapping!$K$21+AW18/AW$6*Mapping!$K$22+AX18/AX$6*Mapping!$K$23)/SUM(Mapping!$K$15:$K$23),"") | BM18: =IFERROR((AP18/AP$6*Mapping!$L$15+AQ18/AQ$6*Mapping!$L$16+AR18/AR$6*Mapping!$L$17+AS18/AS$6*Mapping!$L$18+AT18/AT$6*Mapping!$L$19+AU18/AU$6*Mapping!$L$20+AV18/AV$6*Mapping!$L$21+AW18/AW$6*Mapping!$L$22+AX18/AX$6*Mapping!$L$23)/SUM(Mapping!$L$15:$L$23),"") | BN18: =IFERROR((AP18/AP$6*Mapping!$M$15+AQ18/AQ$6*Mapping!$M$16+AR18/AR$6*Mapping!$M$17+AS18/AS$6*Mapping!$M$18+AT18/AT$6*Mapping!$M$19+AU18/AU$6*Mapping!$M$20+AV18/AV$6*Mapping!$M$21+AW18/AW$6*Mapping!$M$22+AX18/AX$6*Mapping!$M$23)/SUM(Mapping!$M$15:$M$23),"") | BO18: =IFERROR((AP18/AP$6*Mapping!$N$15+AQ18/AQ$6*Mapping!$N$16+AR18/AR$6*Mapping!$N$17+AS18/AS$6*Mapping!$N$18+AT18/AT$6*Mapping!$N$19+AU18/AU$6*Mapping!$N$20+AV18/AV$6*Mapping!$N$21+AW18/AW$6*Mapping!$N$22+AX18/AX$6*Mapping!$N$23)/SUM(Mapping!$N$15:$N$23),"") | BP18: =IFERROR((AP18/AP$6*Mapping!$O$15+AQ18/AQ$6*Mapping!$O$16+AR18/AR$6*Mapping!$O$17+AS18/AS$6*Mapping!$O$18+AT18/AT$6*Mapping!$O$19+AU18/AU$6*Mapping!$O$20+AV18/AV$6*Mapping!$O$21+AW18/AW$6*Mapping!$O$22+AX18/AX$6*Mapping!$O$23)/SUM(Mapping!$O$15:$O$23),"") | BQ18: =IFERROR((AP18/AP$6*Mapping!$P$15+AQ18/AQ$6*Mapping!$P$16+AR18/AR$6*Mapping!$P$17+AS18/AS$6*Mapping!$P$18+AT18/AT$6*Mapping!$P$19+AU18/AU$6*Mapping!$P$20+AV18/AV$6*Mapping!$P$21+AW18/AW$6*Mapping!$P$22+AX18/AX$6*Mapping!$P$23)/SUM(Mapping!$P$15:$P$23),"") | BR18: =IF(BA18="","",BA18+N(AS18)/10000)
... A26: 20 | B26: 3rd Sem - A | AP26: =IF(COUNT(I26,T26,AE26)=0,"",AVERAGE(I26,T26,AE26)) | AQ26: =IF(COUNT(J26,U26,AF26)=0,"",AVERAGE(J26,U26,AF26)) | AR26: =IF(COUNT(K26,V26,AG26)=0,"",AVERAGE(K26,V26,AG26)) | AS26: =IF(COUNT(L26,W26,AH26)=0,"",AVERAGE(L26,W26,AH26)) | AT26: =IF(COUNT(M26,X26,AI26)=0,"",AVERAGE(M26,X26,AI26)) | AU26: =IF(COUNT(N26,Y26,AJ26)=0,"",AVERAGE(N26,Y26,AJ26)) | AV26: =IF(COUNT(O26,Z26,AK26)=0,"",AVERAGE(O26,Z26,AK26)) | AW26: =IF(COUNT(P26,AA26,AL26)=0,"",AVERAGE(P26,AA26,AL26)) | AX26: =IF(COUNT(Q26,AB26,AM26)=0,"",AVERAGE(Q26,AB26,AM26)) | AY26: =IF(OR($F26="",COUNT(R26,AC26,AN26)=0),"",AVERAGE(R26,AC26,AN26)) | AZ26: =IF(OR($G26="",$G26=$F26,COUNT(S26,AD26,AO26)=0),"",AVERAGE(S26,AD26,AO26)) | BA26: =IF(COUNT(AP26:AX26)=0,"",SUM(AP26:AX26)) | BB26: =IF(BA26="","",BA26/BA$6) | BC26: =IF(BR26="","",COUNTIF($BR$7:$BR$26,">"&BR26)+COUNTIF($BR$7:BR26,BR26)) | BD26: =IF(BC26="","",IF(BC26<=Mapping!$C$11,"Shortlisted","Not shortlisted")) | BE26: =IFERROR((AP26/AP$6*Mapping!$D$15+AQ26/AQ$6*Mapping!$D$16+AR26/AR$6*Mapping!$D$17+AS26/AS$6*Mapping!$D$18+AT26/AT$6*Mapping!$D$19+AU26/AU$6*Mapping!$D$20+AV26/AV$6*Mapping!$D$21+AW26/AW$6*Mapping!$D$22+AX26/AX$6*Mapping!$D$23)/SUM(Mapping!$D$15:$D$23),"") | BF26: =IFERROR((AP26/AP$6*Mapping!$E$15+AQ26/AQ$6*Mapping!$E$16+AR26/AR$6*Mapping!$E$17+AS26/AS$6*Mapping!$E$18+AT26/AT$6*Mapping!$E$19+AU26/AU$6*Mapping!$E$20+AV26/AV$6*Mapping!$E$21+AW26/AW$6*Mapping!$E$22+AX26/AX$6*Mapping!$E$23)/SUM(Mapping!$E$15:$E$23),"") | BG26: =IFERROR((AP26/AP$6*Mapping!$F$15+AQ26/AQ$6*Mapping!$F$16+AR26/AR$6*Mapping!$F$17+AS26/AS$6*Mapping!$F$18+AT26/AT$6*Mapping!$F$19+AU26/AU$6*Mapping!$F$20+AV26/AV$6*Mapping!$F$21+AW26/AW$6*Mapping!$F$22+AX26/AX$6*Mapping!$F$23)/SUM(Mapping!$F$15:$F$23),"") | BH26: =IFERROR((AP26/AP$6*Mapping!$G$15+AQ26/AQ$6*Mapping!$G$16+AR26/AR$6*Mapping!$G$17+AS26/AS$6*Mapping!$G$18+AT26/AT$6*Mapping!$G$19+AU26/AU$6*Mapping!$G$20+AV26/AV$6*Mapping!$G$21+AW26/AW$6*Mapping!$G$22+AX26/AX$6*Mapping!$G$23)/SUM(Mapping!$G$15:$G$23),"") | BI26: =IFERROR((AP26/AP$6*Mapping!$H$15+AQ26/AQ$6*Mapping!$H$16+AR26/AR$6*Mapping!$H$17+AS26/AS$6*Mapping!$H$18+AT26/AT$6*Mapping!$H$19+AU26/AU$6*Mapping!$H$20+AV26/AV$6*Mapping!$H$21+AW26/AW$6*Mapping!$H$22+AX26/AX$6*Mapping!$H$23)/SUM(Mapping!$H$15:$H$23),"") | BJ26: =IFERROR((AP26/AP$6*Mapping!$I$15+AQ26/AQ$6*Mapping!$I$16+AR26/AR$6*Mapping!$I$17+AS26/AS$6*Mapping!$I$18+AT26/AT$6*Mapping!$I$19+AU26/AU$6*Mapping!$I$20+AV26/AV$6*Mapping!$I$21+AW26/AW$6*Mapping!$I$22+AX26/AX$6*Mapping!$I$23)/SUM(Mapping!$I$15:$I$23),"") | BK26: =IFERROR((AP26/AP$6*Mapping!$J$15+AQ26/AQ$6*Mapping!$J$16+AR26/AR$6*Mapping!$J$17+AS26/AS$6*Mapping!$J$18+AT26/AT$6*Mapping!$J$19+AU26/AU$6*Mapping!$J$20+AV26/AV$6*Mapping!$J$21+AW26/AW$6*Mapping!$J$22+AX26/AX$6*Mapping!$J$23)/SUM(Mapping!$J$15:$J$23),"") | BL26: =IFERROR((AP26/AP$6*Mapping!$K$15+AQ26/AQ$6*Mapping!$K$16+AR26/AR$6*Mapping!$K$17+AS26/AS$6*Mapping!$K$18+AT26/AT$6*Mapping!$K$19+AU26/AU$6*Mapping!$K$20+AV26/AV$6*Mapping!$K$21+AW26/AW$6*Mapping!$K$22+AX26/AX$6*Mapping!$K$23)/SUM(Mapping!$K$15:$K$23),"") | BM26: =IFERROR((AP26/AP$6*Mapping!$L$15+AQ26/AQ$6*Mapping!$L$16+AR26/AR$6*Mapping!$L$17+AS26/AS$6*Mapping!$L$18+AT26/AT$6*Mapping!$L$19+AU26/AU$6*Mapping!$L$20+AV26/AV$6*Mapping!$L$21+AW26/AW$6*Mapping!$L$22+AX26/AX$6*Mapping!$L$23)/SUM(Mapping!$L$15:$L$23),"") | BN26: =IFERROR((AP26/AP$6*Mapping!$M$15+AQ26/AQ$6*Mapping!$M$16+AR26/AR$6*Mapping!$M$17+AS26/AS$6*Mapping!$M$18+AT26/AT$6*Mapping!$M$19+AU26/AU$6*Mapping!$M$20+AV26/AV$6*Mapping!$M$21+AW26/AW$6*Mapping!$M$22+AX26/AX$6*Mapping!$M$23)/SUM(Mapping!$M$15:$M$23),"") | BO26: =IFERROR((AP26/AP$6*Mapping!$N$15+AQ26/AQ$6*Mapping!$N$16+AR26/AR$6*Mapping!$N$17+AS26/AS$6*Mapping!$N$18+AT26/AT$6*Mapping!$N$19+AU26/AU$6*Mapping!$N$20+AV26/AV$6*Mapping!$N$21+AW26/AW$6*Mapping!$N$22+AX26/AX$6*Mapping!$N$23)/SUM(Mapping!$N$15:$N$23),"") | BP26: =IFERROR((AP26/AP$6*Mapping!$O$15+AQ26/AQ$6*Mapping!$O$16+AR26/AR$6*Mapping!$O$17+AS26/AS$6*Mapping!$O$18+AT26/AT$6*Mapping!$O$19+AU26/AU$6*Mapping!$O$20+AV26/AV$6*Mapping!$O$21+AW26/AW$6*Mapping!$O$22+AX26/AX$6*Mapping!$O$23)/SUM(Mapping!$O$15:$O$23),"") | BQ26: =IFERROR((AP26/AP$6*Mapping!$P$15+AQ26/AQ$6*Mapping!$P$16+AR26/AR$6*Mapping!$P$17+AS26/AS$6*Mapping!$P$18+AT26/AT$6*Mapping!$P$19+AU26/AU$6*Mapping!$P$20+AV26/AV$6*Mapping!$P$21+AW26/AW$6*Mapping!$P$22+AX26/AX$6*Mapping!$P$23)/SUM(Mapping!$P$15:$P$23),"") | BR26: =IF(BA26="","",BA26+N(AS26)/10000)
D28: Average score (marks) | AP28: =IFERROR(AVERAGE(AP$7:AP$26),"") | AQ28: =IFERROR(AVERAGE(AQ$7:AQ$26),"") | AR28: =IFERROR(AVERAGE(AR$7:AR$26),"") | AS28: =IFERROR(AVERAGE(AS$7:AS$26),"") | AT28: =IFERROR(AVERAGE(AT$7:AT$26),"") | AU28: =IFERROR(AVERAGE(AU$7:AU$26),"") | AV28: =IFERROR(AVERAGE(AV$7:AV$26),"") | AW28: =IFERROR(AVERAGE(AW$7:AW$26),"") | ... BA28: =IFERROR(AVERAGE(BA$7:BA$26),"")
D29: Average score (% of max) | AP29: =IFERROR(AP28/AP$6,"") | AQ29: =IFERROR(AQ28/AQ$6,"") | AR29: =IFERROR(AR28/AR$6,"") | AS29: =IFERROR(AS28/AS$6,"") | AT29: =IFERROR(AT28/AT$6,"") | AU29: =IFERROR(AU28/AU$6,"") | AV29: =IFERROR(AV28/AV$6,"") | AW29: =IFERROR(AW28/AW$6,"") | AX29: =IFERROR(AX28/AX$6,"") | BA29: =IFERROR(BA28/BA$6,"")
D30: Average attainment (%) | BE30: =IFERROR(AVERAGE(BE$7:BE$26),"") | BF30: =IFERROR(AVERAGE(BF$7:BF$26),"") | BG30: =IFERROR(AVERAGE(BG$7:BG$26),"") | BH30: =IFERROR(AVERAGE(BH$7:BH$26),"") | BI30: =IFERROR(AVERAGE(BI$7:BI$26),"") | BJ30: =IFERROR(AVERAGE(BJ$7:BJ$26),"") | BK30: =IFERROR(AVERAGE(BK$7:BK$26),"") | BL30: =IFERROR(AVERAGE(BL$7:BL$26),"") | ... BQ30: =IFERROR(AVERAGE(BQ$7:BQ$26),"")
D31: % of teams at/above target | BE31: =IFERROR(COUNTIF(BE$7:BE$26,">="&Mapping!$C$7)/COUNT(BE$7:BE$26),"") | BF31: =IFERROR(COUNTIF(BF$7:BF$26,">="&Mapping!$C$7)/COUNT(BF$7:BF$26),"") | BG31: =IFERROR(COUNTIF(BG$7:BG$26,">="&Mapping!$C$7)/COUNT(BG$7:BG$26),"") | BH31: =IFERROR(COUNTIF(BH$7:BH$26,">="&Mapping!$C$7)/COUNT(BH$7:BH$26),"") | BI31: =IFERROR(COUNTIF(BI$7:BI$26,">="&Mapping!$C$7)/COUNT(BI$7:BI$26),"") | BJ31: =IFERROR(COUNTIF(BJ$7:BJ$26,">="&Mapping!$C$7)/COUNT(BJ$7:BJ$26),"") | BK31: =IFERROR(COUNTIF(BK$7:BK$26,">="&Mapping!$C$7)/COUNT(BK$7:BK$26),"") | BL31: =IFERROR(COUNTIF(BL$7:BL$26,">="&Mapping!$C$7)/COUNT(BL$7:BL$26),"") | ... BQ31: =IFERROR(COUNTIF(BQ$7:BQ$26,">="&Mapping!$C$7)/COUNT(BQ$7:BQ$26),"")
D32: Attainment level (0–3) | BE32: =IF(BE31="","",IF(BE31>=Mapping!$C$8,3,IF(BE31>=Mapping!$C$9,2,IF(BE31>=Mapping!$C$10,1,0)))) | BF32: =IF(BF31="","",IF(BF31>=Mapping!$C$8,3,IF(BF31>=Mapping!$C$9,2,IF(BF31>=Mapping!$C$10,1,0)))) | BG32: =IF(BG31="","",IF(BG31>=Mapping!$C$8,3,IF(BG31>=Mapping!$C$9,2,IF(BG31>=Mapping!$C$10,1,0)))) | BH32: =IF(BH31="","",IF(BH31>=Mapping!$C$8,3,IF(BH31>=Mapping!$C$9,2,IF(BH31>=Mapping!$C$10,1,0)))) | BI32: =IF(BI31="","",IF(BI31>=Mapping!$C$8,3,IF(BI31>=Mapping!$C$9,2,IF(BI31>=Mapping!$C$10,1,0)))) | BJ32: =IF(BJ31="","",IF(BJ31>=Mapping!$C$8,3,IF(BJ31>=Mapping!$C$9,2,IF(BJ31>=Mapping!$C$10,1,0)))) | BK32: =IF(BK31="","",IF(BK31>=Mapping!$C$8,3,IF(BK31>=Mapping!$C$9,2,IF(BK31>=Mapping!$C$10,1,0)))) | BL32: =IF(BL31="","",IF(BL31>=Mapping!$C$8,3,IF(BL31>=Mapping!$C$9,2,IF(BL31>=Mapping!$C$10,1,0)))) | ... BQ32: =IF(BQ31="","",IF(BQ31>=Mapping!$C$8,3,IF(BQ31>=Mapping!$C$9,2,IF(BQ31>=Mapping!$C$10,1,0))))
D33: Teams evaluated | E33: =COUNT(BA$7:BA$26)
D34: SDG attainment: average contribution strength (0–3) | E34: =IFERROR((SUM(AY$7:AY$26)+SUM(AZ$7:AZ$26))/(COUNT(AY$7:AY$26)+COUNT(AZ$7:AZ$26)),"")
D35: SDG: % of rated team–SDG pairs at/above target strength | E35: =IFERROR((COUNTIF(AY$7:AY$26,">="&Mapping!$C$12)+COUNTIF(AZ$7:AZ$26,">="&Mapping!$C$12))/(COUNT(AY$7:AY$26)+COUNT(AZ$7:AZ$26)),"")
D36: SDG: team–SDG pairs rated | E36: =COUNT(AY$7:AY$26)+COUNT(AZ$7:AZ$26)
D37: SDG: team–SDG pairs claimed | E37: =COUNTIF($F$7:$F$26,"?*")+SUMPRODUCT(--($G$7:$G$26<>""),--($G$7:$G$26<>$F$7:$F$26))
D39: SDG goal-wise attainment (from contribution-strength ratings)
D40: Sustainable Development Goal | E40: Solutions (teams claiming the goal) | F40: Solutions rated | G40: Avg contribution strength (0–3) | H40: % rated at/above target strength
D41: ='SDG List'!A2 | E41: =COUNTIF($F$7:$F$26,$D41)+COUNTIF($G$7:$G$26,$D41)-COUNTIFS($F$7:$F$26,$D41,$G$7:$G$26,$D41) | F41: =COUNTIFS($F$7:$F$26,$D41,AY$7:AY$26,">=0")+COUNTIFS($G$7:$G$26,$D41,AZ$7:AZ$26,">=0") | G41: =IFERROR((SUMIF($F$7:$F$26,$D41,AY$7:AY$26)+SUMIF($G$7:$G$26,$D41,AZ$7:AZ$26))/F41,"") | H41: =IFERROR((COUNTIFS($F$7:$F$26,$D41,AY$7:AY$26,">="&Mapping!$C$12)+COUNTIFS($G$7:$G$26,$D41,AZ$7:AZ$26,">="&Mapping!$C$12))/F41,"")
D42: ='SDG List'!A3 | E42: =COUNTIF($F$7:$F$26,$D42)+COUNTIF($G$7:$G$26,$D42)-COUNTIFS($F$7:$F$26,$D42,$G$7:$G$26,$D42) | F42: =COUNTIFS($F$7:$F$26,$D42,AY$7:AY$26,">=0")+COUNTIFS($G$7:$G$26,$D42,AZ$7:AZ$26,">=0") | G42: =IFERROR((SUMIF($F$7:$F$26,$D42,AY$7:AY$26)+SUMIF($G$7:$G$26,$D42,AZ$7:AZ$26))/F42,"") | H42: =IFERROR((COUNTIFS($F$7:$F$26,$D42,AY$7:AY$26,">="&Mapping!$C$12)+COUNTIFS($G$7:$G$26,$D42,AZ$7:AZ$26,">="&Mapping!$C$12))/F42,"")
D43: ='SDG List'!A4 | E43: =COUNTIF($F$7:$F$26,$D43)+COUNTIF($G$7:$G$26,$D43)-COUNTIFS($F$7:$F$26,$D43,$G$7:$G$26,$D43) | F43: =COUNTIFS($F$7:$F$26,$D43,AY$7:AY$26,">=0")+COUNTIFS($G$7:$G$26,$D43,AZ$7:AZ$26,">=0") | G43: =IFERROR((SUMIF($F$7:$F$26,$D43,AY$7:AY$26)+SUMIF($G$7:$G$26,$D43,AZ$7:AZ$26))/F43,"") | H43: =IFERROR((COUNTIFS($F$7:$F$26,$D43,AY$7:AY$26,">="&Mapping!$C$12)+COUNTIFS($G$7:$G$26,$D43,AZ$7:AZ$26,">="&Mapping!$C$12))/F43,"")
D44: ='SDG List'!A5 | E44: =COUNTIF($F$7:$F$26,$D44)+COUNTIF($G$7:$G$26,$D44)-COUNTIFS($F$7:$F$26,$D44,$G$7:$G$26,$D44) | F44: =COUNTIFS($F$7:$F$26,$D44,AY$7:AY$26,">=0")+COUNTIFS($G$7:$G$26,$D44,AZ$7:AZ$26,">=0") | G44: =IFERROR((SUMIF($F$7:$F$26,$D44,AY$7:AY$26)+SUMIF($G$7:$G$26,$D44,AZ$7:AZ$26))/F44,"") | H44: =IFERROR((COUNTIFS($F$7:$F$26,$D44,AY$7:AY$26,">="&Mapping!$C$12)+COUNTIFS($G$7:$G$26,$D44,AZ$7:AZ$26,">="&Mapping!$C$12))/F44,"")
D45: ='SDG List'!A6 | E45: =COUNTIF($F$7:$F$26,$D45)+COUNTIF($G$7:$G$26,$D45)-COUNTIFS($F$7:$F$26,$D45,$G$7:$G$26,$D45) | F45: =COUNTIFS($F$7:$F$26,$D45,AY$7:AY$26,">=0")+COUNTIFS($G$7:$G$26,$D45,AZ$7:AZ$26,">=0") | G45: =IFERROR((SUMIF($F$7:$F$26,$D45,AY$7:AY$26)+SUMIF($G$7:$G$26,$D45,AZ$7:AZ$26))/F45,"") | H45: =IFERROR((COUNTIFS($F$7:$F$26,$D45,AY$7:AY$26,">="&Mapping!$C$12)+COUNTIFS($G$7:$G$26,$D45,AZ$7:AZ$26,">="&Mapping!$C$12))/F45,"")
D46: ='SDG List'!A7 | E46: =COUNTIF($F$7:$F$26,$D46)+COUNTIF($G$7:$G$26,$D46)-COUNTIFS($F$7:$F$26,$D46,$G$7:$G$26,$D46) | F46: =COUNTIFS($F$7:$F$26,$D46,AY$7:AY$26,">=0")+COUNTIFS($G$7:$G$26,$D46,AZ$7:AZ$26,">=0") | G46: =IFERROR((SUMIF($F$7:$F$26,$D46,AY$7:AY$26)+SUMIF($G$7:$G$26,$D46,AZ$7:AZ$26))/F46,"") | H46: =IFERROR((COUNTIFS($F$7:$F$26,$D46,AY$7:AY$26,">="&Mapping!$C$12)+COUNTIFS($G$7:$G$26,$D46,AZ$7:AZ$26,">="&Mapping!$C$12))/F46,"")
D47: ='SDG List'!A8 | E47: =COUNTIF($F$7:$F$26,$D47)+COUNTIF($G$7:$G$26,$D47)-COUNTIFS($F$7:$F$26,$D47,$G$7:$G$26,$D47) | F47: =COUNTIFS($F$7:$F$26,$D47,AY$7:AY$26,">=0")+COUNTIFS($G$7:$G$26,$D47,AZ$7:AZ$26,">=0") | G47: =IFERROR((SUMIF($F$7:$F$26,$D47,AY$7:AY$26)+SUMIF($G$7:$G$26,$D47,AZ$7:AZ$26))/F47,"") | H47: =IFERROR((COUNTIFS($F$7:$F$26,$D47,AY$7:AY$26,">="&Mapping!$C$12)+COUNTIFS($G$7:$G$26,$D47,AZ$7:AZ$26,">="&Mapping!$C$12))/F47,"")
D48: ='SDG List'!A9 | E48: =COUNTIF($F$7:$F$26,$D48)+COUNTIF($G$7:$G$26,$D48)-COUNTIFS($F$7:$F$26,$D48,$G$7:$G$26,$D48) | F48: =COUNTIFS($F$7:$F$26,$D48,AY$7:AY$26,">=0")+COUNTIFS($G$7:$G$26,$D48,AZ$7:AZ$26,">=0") | G48: =IFERROR((SUMIF($F$7:$F$26,$D48,AY$7:AY$26)+SUMIF($G$7:$G$26,$D48,AZ$7:AZ$26))/F48,"") | H48: =IFERROR((COUNTIFS($F$7:$F$26,$D48,AY$7:AY$26,">="&Mapping!$C$12)+COUNTIFS($G$7:$G$26,$D48,AZ$7:AZ$26,">="&Mapping!$C$12))/F48,"")
D49: ='SDG List'!A10 | E49: =COUNTIF($F$7:$F$26,$D49)+COUNTIF($G$7:$G$26,$D49)-COUNTIFS($F$7:$F$26,$D49,$G$7:$G$26,$D49) | F49: =COUNTIFS($F$7:$F$26,$D49,AY$7:AY$26,">=0")+COUNTIFS($G$7:$G$26,$D49,AZ$7:AZ$26,">=0") | G49: =IFERROR((SUMIF($F$7:$F$26,$D49,AY$7:AY$26)+SUMIF($G$7:$G$26,$D49,AZ$7:AZ$26))/F49,"") | H49: =IFERROR((COUNTIFS($F$7:$F$26,$D49,AY$7:AY$26,">="&Mapping!$C$12)+COUNTIFS($G$7:$G$26,$D49,AZ$7:AZ$26,">="&Mapping!$C$12))/F49,"")
D50: ='SDG List'!A11 | E50: =COUNTIF($F$7:$F$26,$D50)+COUNTIF($G$7:$G$26,$D50)-COUNTIFS($F$7:$F$26,$D50,$G$7:$G$26,$D50) | F50: =COUNTIFS($F$7:$F$26,$D50,AY$7:AY$26,">=0")+COUNTIFS($G$7:$G$26,$D50,AZ$7:AZ$26,">=0") | G50: =IFERROR((SUMIF($F$7:$F$26,$D50,AY$7:AY$26)+SUMIF($G$7:$G$26,$D50,AZ$7:AZ$26))/F50,"") | H50: =IFERROR((COUNTIFS($F$7:$F$26,$D50,AY$7:AY$26,">="&Mapping!$C$12)+COUNTIFS($G$7:$G$26,$D50,AZ$7:AZ$26,">="&Mapping!$C$12))/F50,"")
D51: ='SDG List'!A12 | E51: =COUNTIF($F$7:$F$26,$D51)+COUNTIF($G$7:$G$26,$D51)-COUNTIFS($F$7:$F$26,$D51,$G$7:$G$26,$D51) | F51: =COUNTIFS($F$7:$F$26,$D51,AY$7:AY$26,">=0")+COUNTIFS($G$7:$G$26,$D51,AZ$7:AZ$26,">=0") | G51: =IFERROR((SUMIF($F$7:$F$26,$D51,AY$7:AY$26)+SUMIF($G$7:$G$26,$D51,AZ$7:AZ$26))/F51,"") | H51: =IFERROR((COUNTIFS($F$7:$F$26,$D51,AY$7:AY$26,">="&Mapping!$C$12)+COUNTIFS($G$7:$G$26,$D51,AZ$7:AZ$26,">="&Mapping!$C$12))/F51,"")
D52: ='SDG List'!A13 | E52: =COUNTIF($F$7:$F$26,$D52)+COUNTIF($G$7:$G$26,$D52)-COUNTIFS($F$7:$F$26,$D52,$G$7:$G$26,$D52) | F52: =COUNTIFS($F$7:$F$26,$D52,AY$7:AY$26,">=0")+COUNTIFS($G$7:$G$26,$D52,AZ$7:AZ$26,">=0") | G52: =IFERROR((SUMIF($F$7:$F$26,$D52,AY$7:AY$26)+SUMIF($G$7:$G$26,$D52,AZ$7:AZ$26))/F52,"") | H52: =IFERROR((COUNTIFS($F$7:$F$26,$D52,AY$7:AY$26,">="&Mapping!$C$12)+COUNTIFS($G$7:$G$26,$D52,AZ$7:AZ$26,">="&Mapping!$C$12))/F52,"")
... D57: ='SDG List'!A18 | E57: =COUNTIF($F$7:$F$26,$D57)+COUNTIF($G$7:$G$26,$D57)-COUNTIFS($F$7:$F$26,$D57,$G$7:$G$26,$D57) | F57: =COUNTIFS($F$7:$F$26,$D57,AY$7:AY$26,">=0")+COUNTIFS($G$7:$G$26,$D57,AZ$7:AZ$26,">=0") | G57: =IFERROR((SUMIF($F$7:$F$26,$D57,AY$7:AY$26)+SUMIF($G$7:$G$26,$D57,AZ$7:AZ$26))/F57,"") | H57: =IFERROR((COUNTIFS($F$7:$F$26,$D57,AY$7:AY$26,">="&Mapping!$C$12)+COUNTIFS($G$7:$G$26,$D57,AZ$7:AZ$26,">="&Mapping!$C$12))/F57,"")

Sheet 3B Intra
A1: =Mapping!$C$3&" — 3rd Semester Section B — Intra-Class Hackathon" | AP1: =Mapping!$C$4&" | Dept. of "&Mapping!$C$5&" | AY "&Mapping!$C$6
A2: Date: | D2: Venue / Coordinator: | AP2: ="PO/PSO target per team: "&TEXT(Mapping!$C$7,"0%")&" | SDG reached at strength ≥ "&Mapping!$C$12&" | Shortlist: top "&Mapping!$C$11
D3: Evaluator names → | I3: Evaluator 1: | T3: Evaluator 2: | AE3: Evaluator 3:
A4: Team Details (Coordinator) | I4: Evaluator 1 — rubric marks, then SDG contribution strength (0–3) | T4: Evaluator 2 — rubric marks, then SDG contribution strength (0–3) | AE4: Evaluator 3 — rubric marks, then SDG contribution strength (0–3) | AP4: Consolidated rubric score (average of evaluators) | AY4: SDG strength (avg, 0–3) | BA4: Result | BE4: Programme Outcome attainment per team (%) | BP4: PSO attainment (%)
A5: S.No | B5: Section | C5: Team ID | D5: Team Name | E5: Team Members (USN / Name) | F5: Primary SDG | G5: Secondary SDG (optional) | H5: Problem Statement / Project Title | I5: =Rubric!C4 | J5: =Rubric!C5 | K5: =Rubric!C6 | L5: =Rubric!C7 | M5: =Rubric!C8 | N5: =Rubric!C9 | O5: =Rubric!C10 | P5: =Rubric!C11 | Q5: =Rubric!C12 | R5: Primary SDG strength | S5: Secondary SDG strength | T5: =Rubric!C4 | U5: =Rubric!C5 | V5: =Rubric!C6 | W5: =Rubric!C7 | X5: =Rubric!C8 | Y5: =Rubric!C9 | Z5: =Rubric!C10 | AA5: =Rubric!C11 | AB5: =Rubric!C12 | AC5: Primary SDG strength | AD5: Secondary SDG strength | AE5: =Rubric!C4 | AF5: =Rubric!C5 | AG5: =Rubric!C6 | AH5: =Rubric!C7 | AI5: =Rubric!C8 | AJ5: =Rubric!C9 | AK5: =Rubric!C10 | AL5: =Rubric!C11 | AM5: =Rubric!C12 | AN5: Primary SDG strength | AO5: Secondary SDG strength | AP5: =Rubric!C4 | AQ5: =Rubric!C5 | AR5: =Rubric!C6 | AS5: =Rubric!C7 | AT5: =Rubric!C8 | AU5: =Rubric!C9 | AV5: =Rubric!C10 | AW5: =Rubric!C11 | AX5: =Rubric!C12 | AY5: Primary SDG strength | AZ5: Secondary SDG strength | BA5: Total | BB5: Score % | BC5: Rank | BD5: Status | BE5: PO1 | BF5: PO2 | BG5: PO3 | BH5: PO4 | BI5: PO5 | BJ5: PO6 | BK5: PO7 | BL5: PO8 | BM5: PO9 | BN5: PO10 | BO5: PO11 | BP5: PSO1 | BQ5: PSO2
I6: =Rubric!D4 | J6: =Rubric!D5 | K6: =Rubric!D6 | L6: =Rubric!D7 | M6: =Rubric!D8 | N6: =Rubric!D9 | O6: =Rubric!D10 | P6: =Rubric!D11 | Q6: =Rubric!D12 | R6: 0–3 | S6: 0–3 | T6: =Rubric!D4 | U6: =Rubric!D5 | V6: =Rubric!D6 | W6: =Rubric!D7 | X6: =Rubric!D8 | Y6: =Rubric!D9 | Z6: =Rubric!D10 | AA6: =Rubric!D11 | AB6: =Rubric!D12 | AC6: 0–3 | AD6: 0–3 | AE6: =Rubric!D4 | AF6: =Rubric!D5 | AG6: =Rubric!D6 | AH6: =Rubric!D7 | AI6: =Rubric!D8 | AJ6: =Rubric!D9 | AK6: =Rubric!D10 | AL6: =Rubric!D11 | AM6: =Rubric!D12 | AN6: 0–3 | AO6: 0–3 | AP6: =Rubric!D4 | AQ6: =Rubric!D5 | AR6: =Rubric!D6 | AS6: =Rubric!D7 | AT6: =Rubric!D8 | AU6: =Rubric!D9 | AV6: =Rubric!D10 | AW6: =Rubric!D11 | AX6: =Rubric!D12 | AY6: 0–3 | AZ6: 0–3 | BA6: =Rubric!$D$13 | BE6: % | BF6: % | BG6: % | BH6: % | BI6: % | BJ6: % | BK6: % | BL6: % | BM6: % | BN6: % | BO6: % | BP6: % | BQ6: %
A7: 1 | B7: 3rd Sem - B | AP7: =IF(COUNT(I7,T7,AE7)=0,"",AVERAGE(I7,T7,AE7)) | AQ7: =IF(COUNT(J7,U7,AF7)=0,"",AVERAGE(J7,U7,AF7)) | AR7: =IF(COUNT(K7,V7,AG7)=0,"",AVERAGE(K7,V7,AG7)) | AS7: =IF(COUNT(L7,W7,AH7)=0,"",AVERAGE(L7,W7,AH7)) | AT7: =IF(COUNT(M7,X7,AI7)=0,"",AVERAGE(M7,X7,AI7)) | AU7: =IF(COUNT(N7,Y7,AJ7)=0,"",AVERAGE(N7,Y7,AJ7)) | AV7: =IF(COUNT(O7,Z7,AK7)=0,"",AVERAGE(O7,Z7,AK7)) | AW7: =IF(COUNT(P7,AA7,AL7)=0,"",AVERAGE(P7,AA7,AL7)) | AX7: =IF(COUNT(Q7,AB7,AM7)=0,"",AVERAGE(Q7,AB7,AM7)) | AY7: =IF(OR($F7="",COUNT(R7,AC7,AN7)=0),"",AVERAGE(R7,AC7,AN7)) | AZ7: =IF(OR($G7="",$G7=$F7,COUNT(S7,AD7,AO7)=0),"",AVERAGE(S7,AD7,AO7)) | BA7: =IF(COUNT(AP7:AX7)=0,"",SUM(AP7:AX7)) | BB7: =IF(BA7="","",BA7/BA$6) | BC7: =IF(BR7="","",COUNTIF($BR$7:$BR$26,">"&BR7)+COUNTIF($BR$7:BR7,BR7)) | BD7: =IF(BC7="","",IF(BC7<=Mapping!$C$11,"Shortlisted","Not shortlisted")) | BE7: =IFERROR((AP7/AP$6*Mapping!$D$15+AQ7/AQ$6*Mapping!$D$16+AR7/AR$6*Mapping!$D$17+AS7/AS$6*Mapping!$D$18+AT7/AT$6*Mapping!$D$19+AU7/AU$6*Mapping!$D$20+AV7/AV$6*Mapping!$D$21+AW7/AW$6*Mapping!$D$22+AX7/AX$6*Mapping!$D$23)/SUM(Mapping!$D$15:$D$23),"") | BF7: =IFERROR((AP7/AP$6*Mapping!$E$15+AQ7/AQ$6*Mapping!$E$16+AR7/AR$6*Mapping!$E$17+AS7/AS$6*Mapping!$E$18+AT7/AT$6*Mapping!$E$19+AU7/AU$6*Mapping!$E$20+AV7/AV$6*Mapping!$E$21+AW7/AW$6*Mapping!$E$22+AX7/AX$6*Mapping!$E$23)/SUM(Mapping!$E$15:$E$23),"") | BG7: =IFERROR((AP7/AP$6*Mapping!$F$15+AQ7/AQ$6*Mapping!$F$16+AR7/AR$6*Mapping!$F$17+AS7/AS$6*Mapping!$F$18+AT7/AT$6*Mapping!$F$19+AU7/AU$6*Mapping!$F$20+AV7/AV$6*Mapping!$F$21+AW7/AW$6*Mapping!$F$22+AX7/AX$6*Mapping!$F$23)/SUM(Mapping!$F$15:$F$23),"") | BH7: =IFERROR((AP7/AP$6*Mapping!$G$15+AQ7/AQ$6*Mapping!$G$16+AR7/AR$6*Mapping!$G$17+AS7/AS$6*Mapping!$G$18+AT7/AT$6*Mapping!$G$19+AU7/AU$6*Mapping!$G$20+AV7/AV$6*Mapping!$G$21+AW7/AW$6*Mapping!$G$22+AX7/AX$6*Mapping!$G$23)/SUM(Mapping!$G$15:$G$23),"") | BI7: =IFERROR((AP7/AP$6*Mapping!$H$15+AQ7/AQ$6*Mapping!$H$16+AR7/AR$6*Mapping!$H$17+AS7/AS$6*Mapping!$H$18+AT7/AT$6*Mapping!$H$19+AU7/AU$6*Mapping!$H$20+AV7/AV$6*Mapping!$H$21+AW7/AW$6*Mapping!$H$22+AX7/AX$6*Mapping!$H$23)/SUM(Mapping!$H$15:$H$23),"") | BJ7: =IFERROR((AP7/AP$6*Mapping!$I$15+AQ7/AQ$6*Mapping!$I$16+AR7/AR$6*Mapping!$I$17+AS7/AS$6*Mapping!$I$18+AT7/AT$6*Mapping!$I$19+AU7/AU$6*Mapping!$I$20+AV7/AV$6*Mapping!$I$21+AW7/AW$6*Mapping!$I$22+AX7/AX$6*Mapping!$I$23)/SUM(Mapping!$I$15:$I$23),"") | BK7: =IFERROR((AP7/AP$6*Mapping!$J$15+AQ7/AQ$6*Mapping!$J$16+AR7/AR$6*Mapping!$J$17+AS7/AS$6*Mapping!$J$18+AT7/AT$6*Mapping!$J$19+AU7/AU$6*Mapping!$J$20+AV7/AV$6*Mapping!$J$21+AW7/AW$6*Mapping!$J$22+AX7/AX$6*Mapping!$J$23)/SUM(Mapping!$J$15:$J$23),"") | BL7: =IFERROR((AP7/AP$6*Mapping!$K$15+AQ7/AQ$6*Mapping!$K$16+AR7/AR$6*Mapping!$K$17+AS7/AS$6*Mapping!$K$18+AT7/AT$6*Mapping!$K$19+AU7/AU$6*Mapping!$K$20+AV7/AV$6*Mapping!$K$21+AW7/AW$6*Mapping!$K$22+AX7/AX$6*Mapping!$K$23)/SUM(Mapping!$K$15:$K$23),"") | BM7: =IFERROR((AP7/AP$6*Mapping!$L$15+AQ7/AQ$6*Mapping!$L$16+AR7/AR$6*Mapping!$L$17+AS7/AS$6*Mapping!$L$18+AT7/AT$6*Mapping!$L$19+AU7/AU$6*Mapping!$L$20+AV7/AV$6*Mapping!$L$21+AW7/AW$6*Mapping!$L$22+AX7/AX$6*Mapping!$L$23)/SUM(Mapping!$L$15:$L$23),"") | BN7: =IFERROR((AP7/AP$6*Mapping!$M$15+AQ7/AQ$6*Mapping!$M$16+AR7/AR$6*Mapping!$M$17+AS7/AS$6*Mapping!$M$18+AT7/AT$6*Mapping!$M$19+AU7/AU$6*Mapping!$M$20+AV7/AV$6*Mapping!$M$21+AW7/AW$6*Mapping!$M$22+AX7/AX$6*Mapping!$M$23)/SUM(Mapping!$M$15:$M$23),"") | BO7: =IFERROR((AP7/AP$6*Mapping!$N$15+AQ7/AQ$6*Mapping!$N$16+AR7/AR$6*Mapping!$N$17+AS7/AS$6*Mapping!$N$18+AT7/AT$6*Mapping!$N$19+AU7/AU$6*Mapping!$N$20+AV7/AV$6*Mapping!$N$21+AW7/AW$6*Mapping!$N$22+AX7/AX$6*Mapping!$N$23)/SUM(Mapping!$N$15:$N$23),"") | BP7: =IFERROR((AP7/AP$6*Mapping!$O$15+AQ7/AQ$6*Mapping!$O$16+AR7/AR$6*Mapping!$O$17+AS7/AS$6*Mapping!$O$18+AT7/AT$6*Mapping!$O$19+AU7/AU$6*Mapping!$O$20+AV7/AV$6*Mapping!$O$21+AW7/AW$6*Mapping!$O$22+AX7/AX$6*Mapping!$O$23)/SUM(Mapping!$O$15:$O$23),"") | BQ7: =IFERROR((AP7/AP$6*Mapping!$P$15+AQ7/AQ$6*Mapping!$P$16+AR7/AR$6*Mapping!$P$17+AS7/AS$6*Mapping!$P$18+AT7/AT$6*Mapping!$P$19+AU7/AU$6*Mapping!$P$20+AV7/AV$6*Mapping!$P$21+AW7/AW$6*Mapping!$P$22+AX7/AX$6*Mapping!$P$23)/SUM(Mapping!$P$15:$P$23),"") | BR7: =IF(BA7="","",BA7+N(AS7)/10000)
A8: 2 | B8: 3rd Sem - B | AP8: =IF(COUNT(I8,T8,AE8)=0,"",AVERAGE(I8,T8,AE8)) | AQ8: =IF(COUNT(J8,U8,AF8)=0,"",AVERAGE(J8,U8,AF8)) | AR8: =IF(COUNT(K8,V8,AG8)=0,"",AVERAGE(K8,V8,AG8)) | AS8: =IF(COUNT(L8,W8,AH8)=0,"",AVERAGE(L8,W8,AH8)) | AT8: =IF(COUNT(M8,X8,AI8)=0,"",AVERAGE(M8,X8,AI8)) | AU8: =IF(COUNT(N8,Y8,AJ8)=0,"",AVERAGE(N8,Y8,AJ8)) | AV8: =IF(COUNT(O8,Z8,AK8)=0,"",AVERAGE(O8,Z8,AK8)) | AW8: =IF(COUNT(P8,AA8,AL8)=0,"",AVERAGE(P8,AA8,AL8)) | AX8: =IF(COUNT(Q8,AB8,AM8)=0,"",AVERAGE(Q8,AB8,AM8)) | AY8: =IF(OR($F8="",COUNT(R8,AC8,AN8)=0),"",AVERAGE(R8,AC8,AN8)) | AZ8: =IF(OR($G8="",$G8=$F8,COUNT(S8,AD8,AO8)=0),"",AVERAGE(S8,AD8,AO8)) | BA8: =IF(COUNT(AP8:AX8)=0,"",SUM(AP8:AX8)) | BB8: =IF(BA8="","",BA8/BA$6) | BC8: =IF(BR8="","",COUNTIF($BR$7:$BR$26,">"&BR8)+COUNTIF($BR$7:BR8,BR8)) | BD8: =IF(BC8="","",IF(BC8<=Mapping!$C$11,"Shortlisted","Not shortlisted")) | BE8: =IFERROR((AP8/AP$6*Mapping!$D$15+AQ8/AQ$6*Mapping!$D$16+AR8/AR$6*Mapping!$D$17+AS8/AS$6*Mapping!$D$18+AT8/AT$6*Mapping!$D$19+AU8/AU$6*Mapping!$D$20+AV8/AV$6*Mapping!$D$21+AW8/AW$6*Mapping!$D$22+AX8/AX$6*Mapping!$D$23)/SUM(Mapping!$D$15:$D$23),"") | BF8: =IFERROR((AP8/AP$6*Mapping!$E$15+AQ8/AQ$6*Mapping!$E$16+AR8/AR$6*Mapping!$E$17+AS8/AS$6*Mapping!$E$18+AT8/AT$6*Mapping!$E$19+AU8/AU$6*Mapping!$E$20+AV8/AV$6*Mapping!$E$21+AW8/AW$6*Mapping!$E$22+AX8/AX$6*Mapping!$E$23)/SUM(Mapping!$E$15:$E$23),"") | BG8: =IFERROR((AP8/AP$6*Mapping!$F$15+AQ8/AQ$6*Mapping!$F$16+AR8/AR$6*Mapping!$F$17+AS8/AS$6*Mapping!$F$18+AT8/AT$6*Mapping!$F$19+AU8/AU$6*Mapping!$F$20+AV8/AV$6*Mapping!$F$21+AW8/AW$6*Mapping!$F$22+AX8/AX$6*Mapping!$F$23)/SUM(Mapping!$F$15:$F$23),"") | BH8: =IFERROR((AP8/AP$6*Mapping!$G$15+AQ8/AQ$6*Mapping!$G$16+AR8/AR$6*Mapping!$G$17+AS8/AS$6*Mapping!$G$18+AT8/AT$6*Mapping!$G$19+AU8/AU$6*Mapping!$G$20+AV8/AV$6*Mapping!$G$21+AW8/AW$6*Mapping!$G$22+AX8/AX$6*Mapping!$G$23)/SUM(Mapping!$G$15:$G$23),"") | BI8: =IFERROR((AP8/AP$6*Mapping!$H$15+AQ8/AQ$6*Mapping!$H$16+AR8/AR$6*Mapping!$H$17+AS8/AS$6*Mapping!$H$18+AT8/AT$6*Mapping!$H$19+AU8/AU$6*Mapping!$H$20+AV8/AV$6*Mapping!$H$21+AW8/AW$6*Mapping!$H$22+AX8/AX$6*Mapping!$H$23)/SUM(Mapping!$H$15:$H$23),"") | BJ8: =IFERROR((AP8/AP$6*Mapping!$I$15+AQ8/AQ$6*Mapping!$I$16+AR8/AR$6*Mapping!$I$17+AS8/AS$6*Mapping!$I$18+AT8/AT$6*Mapping!$I$19+AU8/AU$6*Mapping!$I$20+AV8/AV$6*Mapping!$I$21+AW8/AW$6*Mapping!$I$22+AX8/AX$6*Mapping!$I$23)/SUM(Mapping!$I$15:$I$23),"") | BK8: =IFERROR((AP8/AP$6*Mapping!$J$15+AQ8/AQ$6*Mapping!$J$16+AR8/AR$6*Mapping!$J$17+AS8/AS$6*Mapping!$J$18+AT8/AT$6*Mapping!$J$19+AU8/AU$6*Mapping!$J$20+AV8/AV$6*Mapping!$J$21+AW8/AW$6*Mapping!$J$22+AX8/AX$6*Mapping!$J$23)/SUM(Mapping!$J$15:$J$23),"") | BL8: =IFERROR((AP8/AP$6*Mapping!$K$15+AQ8/AQ$6*Mapping!$K$16+AR8/AR$6*Mapping!$K$17+AS8/AS$6*Mapping!$K$18+AT8/AT$6*Mapping!$K$19+AU8/AU$6*Mapping!$K$20+AV8/AV$6*Mapping!$K$21+AW8/AW$6*Mapping!$K$22+AX8/AX$6*Mapping!$K$23)/SUM(Mapping!$K$15:$K$23),"") | BM8: =IFERROR((AP8/AP$6*Mapping!$L$15+AQ8/AQ$6*Mapping!$L$16+AR8/AR$6*Mapping!$L$17+AS8/AS$6*Mapping!$L$18+AT8/AT$6*Mapping!$L$19+AU8/AU$6*Mapping!$L$20+AV8/AV$6*Mapping!$L$21+AW8/AW$6*Mapping!$L$22+AX8/AX$6*Mapping!$L$23)/SUM(Mapping!$L$15:$L$23),"") | BN8: =IFERROR((AP8/AP$6*Mapping!$M$15+AQ8/AQ$6*Mapping!$M$16+AR8/AR$6*Mapping!$M$17+AS8/AS$6*Mapping!$M$18+AT8/AT$6*Mapping!$M$19+AU8/AU$6*Mapping!$M$20+AV8/AV$6*Mapping!$M$21+AW8/AW$6*Mapping!$M$22+AX8/AX$6*Mapping!$M$23)/SUM(Mapping!$M$15:$M$23),"") | BO8: =IFERROR((AP8/AP$6*Mapping!$N$15+AQ8/AQ$6*Mapping!$N$16+AR8/AR$6*Mapping!$N$17+AS8/AS$6*Mapping!$N$18+AT8/AT$6*Mapping!$N$19+AU8/AU$6*Mapping!$N$20+AV8/AV$6*Mapping!$N$21+AW8/AW$6*Mapping!$N$22+AX8/AX$6*Mapping!$N$23)/SUM(Mapping!$N$15:$N$23),"") | BP8: =IFERROR((AP8/AP$6*Mapping!$O$15+AQ8/AQ$6*Mapping!$O$16+AR8/AR$6*Mapping!$O$17+AS8/AS$6*Mapping!$O$18+AT8/AT$6*Mapping!$O$19+AU8/AU$6*Mapping!$O$20+AV8/AV$6*Mapping!$O$21+AW8/AW$6*Mapping!$O$22+AX8/AX$6*Mapping!$O$23)/SUM(Mapping!$O$15:$O$23),"") | BQ8: =IFERROR((AP8/AP$6*Mapping!$P$15+AQ8/AQ$6*Mapping!$P$16+AR8/AR$6*Mapping!$P$17+AS8/AS$6*Mapping!$P$18+AT8/AT$6*Mapping!$P$19+AU8/AU$6*Mapping!$P$20+AV8/AV$6*Mapping!$P$21+AW8/AW$6*Mapping!$P$22+AX8/AX$6*Mapping!$P$23)/SUM(Mapping!$P$15:$P$23),"") | BR8: =IF(BA8="","",BA8+N(AS8)/10000)
A9: 3 | B9: 3rd Sem - B | AP9: =IF(COUNT(I9,T9,AE9)=0,"",AVERAGE(I9,T9,AE9)) | AQ9: =IF(COUNT(J9,U9,AF9)=0,"",AVERAGE(J9,U9,AF9)) | AR9: =IF(COUNT(K9,V9,AG9)=0,"",AVERAGE(K9,V9,AG9)) | AS9: =IF(COUNT(L9,W9,AH9)=0,"",AVERAGE(L9,W9,AH9)) | AT9: =IF(COUNT(M9,X9,AI9)=0,"",AVERAGE(M9,X9,AI9)) | AU9: =IF(COUNT(N9,Y9,AJ9)=0,"",AVERAGE(N9,Y9,AJ9)) | AV9: =IF(COUNT(O9,Z9,AK9)=0,"",AVERAGE(O9,Z9,AK9)) | AW9: =IF(COUNT(P9,AA9,AL9)=0,"",AVERAGE(P9,AA9,AL9)) | AX9: =IF(COUNT(Q9,AB9,AM9)=0,"",AVERAGE(Q9,AB9,AM9)) | AY9: =IF(OR($F9="",COUNT(R9,AC9,AN9)=0),"",AVERAGE(R9,AC9,AN9)) | AZ9: =IF(OR($G9="",$G9=$F9,COUNT(S9,AD9,AO9)=0),"",AVERAGE(S9,AD9,AO9)) | BA9: =IF(COUNT(AP9:AX9)=0,"",SUM(AP9:AX9)) | BB9: =IF(BA9="","",BA9/BA$6) | BC9: =IF(BR9="","",COUNTIF($BR$7:$BR$26,">"&BR9)+COUNTIF($BR$7:BR9,BR9)) | BD9: =IF(BC9="","",IF(BC9<=Mapping!$C$11,"Shortlisted","Not shortlisted")) | BE9: =IFERROR((AP9/AP$6*Mapping!$D$15+AQ9/AQ$6*Mapping!$D$16+AR9/AR$6*Mapping!$D$17+AS9/AS$6*Mapping!$D$18+AT9/AT$6*Mapping!$D$19+AU9/AU$6*Mapping!$D$20+AV9/AV$6*Mapping!$D$21+AW9/AW$6*Mapping!$D$22+AX9/AX$6*Mapping!$D$23)/SUM(Mapping!$D$15:$D$23),"") | BF9: =IFERROR((AP9/AP$6*Mapping!$E$15+AQ9/AQ$6*Mapping!$E$16+AR9/AR$6*Mapping!$E$17+AS9/AS$6*Mapping!$E$18+AT9/AT$6*Mapping!$E$19+AU9/AU$6*Mapping!$E$20+AV9/AV$6*Mapping!$E$21+AW9/AW$6*Mapping!$E$22+AX9/AX$6*Mapping!$E$23)/SUM(Mapping!$E$15:$E$23),"") | BG9: =IFERROR((AP9/AP$6*Mapping!$F$15+AQ9/AQ$6*Mapping!$F$16+AR9/AR$6*Mapping!$F$17+AS9/AS$6*Mapping!$F$18+AT9/AT$6*Mapping!$F$19+AU9/AU$6*Mapping!$F$20+AV9/AV$6*Mapping!$F$21+AW9/AW$6*Mapping!$F$22+AX9/AX$6*Mapping!$F$23)/SUM(Mapping!$F$15:$F$23),"") | BH9: =IFERROR((AP9/AP$6*Mapping!$G$15+AQ9/AQ$6*Mapping!$G$16+AR9/AR$6*Mapping!$G$17+AS9/AS$6*Mapping!$G$18+AT9/AT$6*Mapping!$G$19+AU9/AU$6*Mapping!$G$20+AV9/AV$6*Mapping!$G$21+AW9/AW$6*Mapping!$G$22+AX9/AX$6*Mapping!$G$23)/SUM(Mapping!$G$15:$G$23),"") | BI9: =IFERROR((AP9/AP$6*Mapping!$H$15+AQ9/AQ$6*Mapping!$H$16+AR9/AR$6*Mapping!$H$17+AS9/AS$6*Mapping!$H$18+AT9/AT$6*Mapping!$H$19+AU9/AU$6*Mapping!$H$20+AV9/AV$6*Mapping!$H$21+AW9/AW$6*Mapping!$H$22+AX9/AX$6*Mapping!$H$23)/SUM(Mapping!$H$15:$H$23),"") | BJ9: =IFERROR((AP9/AP$6*Mapping!$I$15+AQ9/AQ$6*Mapping!$I$16+AR9/AR$6*Mapping!$I$17+AS9/AS$6*Mapping!$I$18+AT9/AT$6*Mapping!$I$19+AU9/AU$6*Mapping!$I$20+AV9/AV$6*Mapping!$I$21+AW9/AW$6*Mapping!$I$22+AX9/AX$6*Mapping!$I$23)/SUM(Mapping!$I$15:$I$23),"") | BK9: =IFERROR((AP9/AP$6*Mapping!$J$15+AQ9/AQ$6*Mapping!$J$16+AR9/AR$6*Mapping!$J$17+AS9/AS$6*Mapping!$J$18+AT9/AT$6*Mapping!$J$19+AU9/AU$6*Mapping!$J$20+AV9/AV$6*Mapping!$J$21+AW9/AW$6*Mapping!$J$22+AX9/AX$6*Mapping!$J$23)/SUM(Mapping!$J$15:$J$23),"") | BL9: =IFERROR((AP9/AP$6*Mapping!$K$15+AQ9/AQ$6*Mapping!$K$16+AR9/AR$6*Mapping!$K$17+AS9/AS$6*Mapping!$K$18+AT9/AT$6*Mapping!$K$19+AU9/AU$6*Mapping!$K$20+AV9/AV$6*Mapping!$K$21+AW9/AW$6*Mapping!$K$22+AX9/AX$6*Mapping!$K$23)/SUM(Mapping!$K$15:$K$23),"") | BM9: =IFERROR((AP9/AP$6*Mapping!$L$15+AQ9/AQ$6*Mapping!$L$16+AR9/AR$6*Mapping!$L$17+AS9/AS$6*Mapping!$L$18+AT9/AT$6*Mapping!$L$19+AU9/AU$6*Mapping!$L$20+AV9/AV$6*Mapping!$L$21+AW9/AW$6*Mapping!$L$22+AX9/AX$6*Mapping!$L$23)/SUM(Mapping!$L$15:$L$23),"") | BN9: =IFERROR((AP9/AP$6*Mapping!$M$15+AQ9/AQ$6*Mapping!$M$16+AR9/AR$6*Mapping!$M$17+AS9/AS$6*Mapping!$M$18+AT9/AT$6*Mapping!$M$19+AU9/AU$6*Mapping!$M$20+AV9/AV$6*Mapping!$M$21+AW9/AW$6*Mapping!$M$22+AX9/AX$6*Mapping!$M$23)/SUM(Mapping!$M$15:$M$23),"") | BO9: =IFERROR((AP9/AP$6*Mapping!$N$15+AQ9/AQ$6*Mapping!$N$16+AR9/AR$6*Mapping!$N$17+AS9/AS$6*Mapping!$N$18+AT9/AT$6*Mapping!$N$19+AU9/AU$6*Mapping!$N$20+AV9/AV$6*Mapping!$N$21+AW9/AW$6*Mapping!$N$22+AX9/AX$6*Mapping!$N$23)/SUM(Mapping!$N$15:$N$23),"") | BP9: =IFERROR((AP9/AP$6*Mapping!$O$15+AQ9/AQ$6*Mapping!$O$16+AR9/AR$6*Mapping!$O$17+AS9/AS$6*Mapping!$O$18+AT9/AT$6*Mapping!$O$19+AU9/AU$6*Mapping!$O$20+AV9/AV$6*Mapping!$O$21+AW9/AW$6*Mapping!$O$22+AX9/AX$6*Mapping!$O$23)/SUM(Mapping!$O$15:$O$23),"") | BQ9: =IFERROR((AP9/AP$6*Mapping!$P$15+AQ9/AQ$6*Mapping!$P$16+AR9/AR$6*Mapping!$P$17+AS9/AS$6*Mapping!$P$18+AT9/AT$6*Mapping!$P$19+AU9/AU$6*Mapping!$P$20+AV9/AV$6*Mapping!$P$21+AW9/AW$6*Mapping!$P$22+AX9/AX$6*Mapping!$P$23)/SUM(Mapping!$P$15:$P$23),"") | BR9: =IF(BA9="","",BA9+N(AS9)/10000)
A10: 4 | B10: 3rd Sem - B | AP10: =IF(COUNT(I10,T10,AE10)=0,"",AVERAGE(I10,T10,AE10)) | AQ10: =IF(COUNT(J10,U10,AF10)=0,"",AVERAGE(J10,U10,AF10)) | AR10: =IF(COUNT(K10,V10,AG10)=0,"",AVERAGE(K10,V10,AG10)) | AS10: =IF(COUNT(L10,W10,AH10)=0,"",AVERAGE(L10,W10,AH10)) | AT10: =IF(COUNT(M10,X10,AI10)=0,"",AVERAGE(M10,X10,AI10)) | AU10: =IF(COUNT(N10,Y10,AJ10)=0,"",AVERAGE(N10,Y10,AJ10)) | AV10: =IF(COUNT(O10,Z10,AK10)=0,"",AVERAGE(O10,Z10,AK10)) | AW10: =IF(COUNT(P10,AA10,AL10)=0,"",AVERAGE(P10,AA10,AL10)) | AX10: =IF(COUNT(Q10,AB10,AM10)=0,"",AVERAGE(Q10,AB10,AM10)) | AY10: =IF(OR($F10="",COUNT(R10,AC10,AN10)=0),"",AVERAGE(R10,AC10,AN10)) | AZ10: =IF(OR($G10="",$G10=$F10,COUNT(S10,AD10,AO10)=0),"",AVERAGE(S10,AD10,AO10)) | BA10: =IF(COUNT(AP10:AX10)=0,"",SUM(AP10:AX10)) | BB10: =IF(BA10="","",BA10/BA$6) | BC10: =IF(BR10="","",COUNTIF($BR$7:$BR$26,">"&BR10)+COUNTIF($BR$7:BR10,BR10)) | BD10: =IF(BC10="","",IF(BC10<=Mapping!$C$11,"Shortlisted","Not shortlisted")) | BE10: =IFERROR((AP10/AP$6*Mapping!$D$15+AQ10/AQ$6*Mapping!$D$16+AR10/AR$6*Mapping!$D$17+AS10/AS$6*Mapping!$D$18+AT10/AT$6*Mapping!$D$19+AU10/AU$6*Mapping!$D$20+AV10/AV$6*Mapping!$D$21+AW10/AW$6*Mapping!$D$22+AX10/AX$6*Mapping!$D$23)/SUM(Mapping!$D$15:$D$23),"") | BF10: =IFERROR((AP10/AP$6*Mapping!$E$15+AQ10/AQ$6*Mapping!$E$16+AR10/AR$6*Mapping!$E$17+AS10/AS$6*Mapping!$E$18+AT10/AT$6*Mapping!$E$19+AU10/AU$6*Mapping!$E$20+AV10/AV$6*Mapping!$E$21+AW10/AW$6*Mapping!$E$22+AX10/AX$6*Mapping!$E$23)/SUM(Mapping!$E$15:$E$23),"") | BG10: =IFERROR((AP10/AP$6*Mapping!$F$15+AQ10/AQ$6*Mapping!$F$16+AR10/AR$6*Mapping!$F$17+AS10/AS$6*Mapping!$F$18+AT10/AT$6*Mapping!$F$19+AU10/AU$6*Mapping!$F$20+AV10/AV$6*Mapping!$F$21+AW10/AW$6*Mapping!$F$22+AX10/AX$6*Mapping!$F$23)/SUM(Mapping!$F$15:$F$23),"") | BH10: =IFERROR((AP10/AP$6*Mapping!$G$15+AQ10/AQ$6*Mapping!$G$16+AR10/AR$6*Mapping!$G$17+AS10/AS$6*Mapping!$G$18+AT10/AT$6*Mapping!$G$19+AU10/AU$6*Mapping!$G$20+AV10/AV$6*Mapping!$G$21+AW10/AW$6*Mapping!$G$22+AX10/AX$6*Mapping!$G$23)/SUM(Mapping!$G$15:$G$23),"") | BI10: =IFERROR((AP10/AP$6*Mapping!$H$15+AQ10/AQ$6*Mapping!$H$16+AR10/AR$6*Mapping!$H$17+AS10/AS$6*Mapping!$H$18+AT10/AT$6*Mapping!$H$19+AU10/AU$6*Mapping!$H$20+AV10/AV$6*Mapping!$H$21+AW10/AW$6*Mapping!$H$22+AX10/AX$6*Mapping!$H$23)/SUM(Mapping!$H$15:$H$23),"") | BJ10: =IFERROR((AP10/AP$6*Mapping!$I$15+AQ10/AQ$6*Mapping!$I$16+AR10/AR$6*Mapping!$I$17+AS10/AS$6*Mapping!$I$18+AT10/AT$6*Mapping!$I$19+AU10/AU$6*Mapping!$I$20+AV10/AV$6*Mapping!$I$21+AW10/AW$6*Mapping!$I$22+AX10/AX$6*Mapping!$I$23)/SUM(Mapping!$I$15:$I$23),"") | BK10: =IFERROR((AP10/AP$6*Mapping!$J$15+AQ10/AQ$6*Mapping!$J$16+AR10/AR$6*Mapping!$J$17+AS10/AS$6*Mapping!$J$18+AT10/AT$6*Mapping!$J$19+AU10/AU$6*Mapping!$J$20+AV10/AV$6*Mapping!$J$21+AW10/AW$6*Mapping!$J$22+AX10/AX$6*Mapping!$J$23)/SUM(Mapping!$J$15:$J$23),"") | BL10: =IFERROR((AP10/AP$6*Mapping!$K$15+AQ10/AQ$6*Mapping!$K$16+AR10/AR$6*Mapping!$K$17+AS10/AS$6*Mapping!$K$18+AT10/AT$6*Mapping!$K$19+AU10/AU$6*Mapping!$K$20+AV10/AV$6*Mapping!$K$21+AW10/AW$6*Mapping!$K$22+AX10/AX$6*Mapping!$K$23)/SUM(Mapping!$K$15:$K$23),"") | BM10: =IFERROR((AP10/AP$6*Mapping!$L$15+AQ10/AQ$6*Mapping!$L$16+AR10/AR$6*Mapping!$L$17+AS10/AS$6*Mapping!$L$18+AT10/AT$6*Mapping!$L$19+AU10/AU$6*Mapping!$L$20+AV10/AV$6*Mapping!$L$21+AW10/AW$6*Mapping!$L$22+AX10/AX$6*Mapping!$L$23)/SUM(Mapping!$L$15:$L$23),"") | BN10: =IFERROR((AP10/AP$6*Mapping!$M$15+AQ10/AQ$6*Mapping!$M$16+AR10/AR$6*Mapping!$M$17+AS10/AS$6*Mapping!$M$18+AT10/AT$6*Mapping!$M$19+AU10/AU$6*Mapping!$M$20+AV10/AV$6*Mapping!$M$21+AW10/AW$6*Mapping!$M$22+AX10/AX$6*Mapping!$M$23)/SUM(Mapping!$M$15:$M$23),"") | BO10: =IFERROR((AP10/AP$6*Mapping!$N$15+AQ10/AQ$6*Mapping!$N$16+AR10/AR$6*Mapping!$N$17+AS10/AS$6*Mapping!$N$18+AT10/AT$6*Mapping!$N$19+AU10/AU$6*Mapping!$N$20+AV10/AV$6*Mapping!$N$21+AW10/AW$6*Mapping!$N$22+AX10/AX$6*Mapping!$N$23)/SUM(Mapping!$N$15:$N$23),"") | BP10: =IFERROR((AP10/AP$6*Mapping!$O$15+AQ10/AQ$6*Mapping!$O$16+AR10/AR$6*Mapping!$O$17+AS10/AS$6*Mapping!$O$18+AT10/AT$6*Mapping!$O$19+AU10/AU$6*Mapping!$O$20+AV10/AV$6*Mapping!$O$21+AW10/AW$6*Mapping!$O$22+AX10/AX$6*Mapping!$O$23)/SUM(Mapping!$O$15:$O$23),"") | BQ10: =IFERROR((AP10/AP$6*Mapping!$P$15+AQ10/AQ$6*Mapping!$P$16+AR10/AR$6*Mapping!$P$17+AS10/AS$6*Mapping!$P$18+AT10/AT$6*Mapping!$P$19+AU10/AU$6*Mapping!$P$20+AV10/AV$6*Mapping!$P$21+AW10/AW$6*Mapping!$P$22+AX10/AX$6*Mapping!$P$23)/SUM(Mapping!$P$15:$P$23),"") | BR10: =IF(BA10="","",BA10+N(AS10)/10000)
A11: 5 | B11: 3rd Sem - B | AP11: =IF(COUNT(I11,T11,AE11)=0,"",AVERAGE(I11,T11,AE11)) | AQ11: =IF(COUNT(J11,U11,AF11)=0,"",AVERAGE(J11,U11,AF11)) | AR11: =IF(COUNT(K11,V11,AG11)=0,"",AVERAGE(K11,V11,AG11)) | AS11: =IF(COUNT(L11,W11,AH11)=0,"",AVERAGE(L11,W11,AH11)) | AT11: =IF(COUNT(M11,X11,AI11)=0,"",AVERAGE(M11,X11,AI11)) | AU11: =IF(COUNT(N11,Y11,AJ11)=0,"",AVERAGE(N11,Y11,AJ11)) | AV11: =IF(COUNT(O11,Z11,AK11)=0,"",AVERAGE(O11,Z11,AK11)) | AW11: =IF(COUNT(P11,AA11,AL11)=0,"",AVERAGE(P11,AA11,AL11)) | AX11: =IF(COUNT(Q11,AB11,AM11)=0,"",AVERAGE(Q11,AB11,AM11)) | AY11: =IF(OR($F11="",COUNT(R11,AC11,AN11)=0),"",AVERAGE(R11,AC11,AN11)) | AZ11: =IF(OR($G11="",$G11=$F11,COUNT(S11,AD11,AO11)=0),"",AVERAGE(S11,AD11,AO11)) | BA11: =IF(COUNT(AP11:AX11)=0,"",SUM(AP11:AX11)) | BB11: =IF(BA11="","",BA11/BA$6) | BC11: =IF(BR11="","",COUNTIF($BR$7:$BR$26,">"&BR11)+COUNTIF($BR$7:BR11,BR11)) | BD11: =IF(BC11="","",IF(BC11<=Mapping!$C$11,"Shortlisted","Not shortlisted")) | BE11: =IFERROR((AP11/AP$6*Mapping!$D$15+AQ11/AQ$6*Mapping!$D$16+AR11/AR$6*Mapping!$D$17+AS11/AS$6*Mapping!$D$18+AT11/AT$6*Mapping!$D$19+AU11/AU$6*Mapping!$D$20+AV11/AV$6*Mapping!$D$21+AW11/AW$6*Mapping!$D$22+AX11/AX$6*Mapping!$D$23)/SUM(Mapping!$D$15:$D$23),"") | BF11: =IFERROR((AP11/AP$6*Mapping!$E$15+AQ11/AQ$6*Mapping!$E$16+AR11/AR$6*Mapping!$E$17+AS11/AS$6*Mapping!$E$18+AT11/AT$6*Mapping!$E$19+AU11/AU$6*Mapping!$E$20+AV11/AV$6*Mapping!$E$21+AW11/AW$6*Mapping!$E$22+AX11/AX$6*Mapping!$E$23)/SUM(Mapping!$E$15:$E$23),"") | BG11: =IFERROR((AP11/AP$6*Mapping!$F$15+AQ11/AQ$6*Mapping!$F$16+AR11/AR$6*Mapping!$F$17+AS11/AS$6*Mapping!$F$18+AT11/AT$6*Mapping!$F$19+AU11/AU$6*Mapping!$F$20+AV11/AV$6*Mapping!$F$21+AW11/AW$6*Mapping!$F$22+AX11/AX$6*Mapping!$F$23)/SUM(Mapping!$F$15:$F$23),"") | BH11: =IFERROR((AP11/AP$6*Mapping!$G$15+AQ11/AQ$6*Mapping!$G$16+AR11/AR$6*Mapping!$G$17+AS11/AS$6*Mapping!$G$18+AT11/AT$6*Mapping!$G$19+AU11/AU$6*Mapping!$G$20+AV11/AV$6*Mapping!$G$21+AW11/AW$6*Mapping!$G$22+AX11/AX$6*Mapping!$G$23)/SUM(Mapping!$G$15:$G$23),"") | BI11: =IFERROR((AP11/AP$6*Mapping!$H$15+AQ11/AQ$6*Mapping!$H$16+AR11/AR$6*Mapping!$H$17+AS11/AS$6*Mapping!$H$18+AT11/AT$6*Mapping!$H$19+AU11/AU$6*Mapping!$H$20+AV11/AV$6*Mapping!$H$21+AW11/AW$6*Mapping!$H$22+AX11/AX$6*Mapping!$H$23)/SUM(Mapping!$H$15:$H$23),"") | BJ11: =IFERROR((AP11/AP$6*Mapping!$I$15+AQ11/AQ$6*Mapping!$I$16+AR11/AR$6*Mapping!$I$17+AS11/AS$6*Mapping!$I$18+AT11/AT$6*Mapping!$I$19+AU11/AU$6*Mapping!$I$20+AV11/AV$6*Mapping!$I$21+AW11/AW$6*Mapping!$I$22+AX11/AX$6*Mapping!$I$23)/SUM(Mapping!$I$15:$I$23),"") | BK11: =IFERROR((AP11/AP$6*Mapping!$J$15+AQ11/AQ$6*Mapping!$J$16+AR11/AR$6*Mapping!$J$17+AS11/AS$6*Mapping!$J$18+AT11/AT$6*Mapping!$J$19+AU11/AU$6*Mapping!$J$20+AV11/AV$6*Mapping!$J$21+AW11/AW$6*Mapping!$J$22+AX11/AX$6*Mapping!$J$23)/SUM(Mapping!$J$15:$J$23),"") | BL11: =IFERROR((AP11/AP$6*Mapping!$K$15+AQ11/AQ$6*Mapping!$K$16+AR11/AR$6*Mapping!$K$17+AS11/AS$6*Mapping!$K$18+AT11/AT$6*Mapping!$K$19+AU11/AU$6*Mapping!$K$20+AV11/AV$6*Mapping!$K$21+AW11/AW$6*Mapping!$K$22+AX11/AX$6*Mapping!$K$23)/SUM(Mapping!$K$15:$K$23),"") | BM11: =IFERROR((AP11/AP$6*Mapping!$L$15+AQ11/AQ$6*Mapping!$L$16+AR11/AR$6*Mapping!$L$17+AS11/AS$6*Mapping!$L$18+AT11/AT$6*Mapping!$L$19+AU11/AU$6*Mapping!$L$20+AV11/AV$6*Mapping!$L$21+AW11/AW$6*Mapping!$L$22+AX11/AX$6*Mapping!$L$23)/SUM(Mapping!$L$15:$L$23),"") | BN11: =IFERROR((AP11/AP$6*Mapping!$M$15+AQ11/AQ$6*Mapping!$M$16+AR11/AR$6*Mapping!$M$17+AS11/AS$6*Mapping!$M$18+AT11/AT$6*Mapping!$M$19+AU11/AU$6*Mapping!$M$20+AV11/AV$6*Mapping!$M$21+AW11/AW$6*Mapping!$M$22+AX11/AX$6*Mapping!$M$23)/SUM(Mapping!$M$15:$M$23),"") | BO11: =IFERROR((AP11/AP$6*Mapping!$N$15+AQ11/AQ$6*Mapping!$N$16+AR11/AR$6*Mapping!$N$17+AS11/AS$6*Mapping!$N$18+AT11/AT$6*Mapping!$N$19+AU11/AU$6*Mapping!$N$20+AV11/AV$6*Mapping!$N$21+AW11/AW$6*Mapping!$N$22+AX11/AX$6*Mapping!$N$23)/SUM(Mapping!$N$15:$N$23),"") | BP11: =IFERROR((AP11/AP$6*Mapping!$O$15+AQ11/AQ$6*Mapping!$O$16+AR11/AR$6*Mapping!$O$17+AS11/AS$6*Mapping!$O$18+AT11/AT$6*Mapping!$O$19+AU11/AU$6*Mapping!$O$20+AV11/AV$6*Mapping!$O$21+AW11/AW$6*Mapping!$O$22+AX11/AX$6*Mapping!$O$23)/SUM(Mapping!$O$15:$O$23),"") | BQ11: =IFERROR((AP11/AP$6*Mapping!$P$15+AQ11/AQ$6*Mapping!$P$16+AR11/AR$6*Mapping!$P$17+AS11/AS$6*Mapping!$P$18+AT11/AT$6*Mapping!$P$19+AU11/AU$6*Mapping!$P$20+AV11/AV$6*Mapping!$P$21+AW11/AW$6*Mapping!$P$22+AX11/AX$6*Mapping!$P$23)/SUM(Mapping!$P$15:$P$23),"") | BR11: =IF(BA11="","",BA11+N(AS11)/10000)
A12: 6 | B12: 3rd Sem - B | AP12: =IF(COUNT(I12,T12,AE12)=0,"",AVERAGE(I12,T12,AE12)) | AQ12: =IF(COUNT(J12,U12,AF12)=0,"",AVERAGE(J12,U12,AF12)) | AR12: =IF(COUNT(K12,V12,AG12)=0,"",AVERAGE(K12,V12,AG12)) | AS12: =IF(COUNT(L12,W12,AH12)=0,"",AVERAGE(L12,W12,AH12)) | AT12: =IF(COUNT(M12,X12,AI12)=0,"",AVERAGE(M12,X12,AI12)) | AU12: =IF(COUNT(N12,Y12,AJ12)=0,"",AVERAGE(N12,Y12,AJ12)) | AV12: =IF(COUNT(O12,Z12,AK12)=0,"",AVERAGE(O12,Z12,AK12)) | AW12: =IF(COUNT(P12,AA12,AL12)=0,"",AVERAGE(P12,AA12,AL12)) | AX12: =IF(COUNT(Q12,AB12,AM12)=0,"",AVERAGE(Q12,AB12,AM12)) | AY12: =IF(OR($F12="",COUNT(R12,AC12,AN12)=0),"",AVERAGE(R12,AC12,AN12)) | AZ12: =IF(OR($G12="",$G12=$F12,COUNT(S12,AD12,AO12)=0),"",AVERAGE(S12,AD12,AO12)) | BA12: =IF(COUNT(AP12:AX12)=0,"",SUM(AP12:AX12)) | BB12: =IF(BA12="","",BA12/BA$6) | BC12: =IF(BR12="","",COUNTIF($BR$7:$BR$26,">"&BR12)+COUNTIF($BR$7:BR12,BR12)) | BD12: =IF(BC12="","",IF(BC12<=Mapping!$C$11,"Shortlisted","Not shortlisted")) | BE12: =IFERROR((AP12/AP$6*Mapping!$D$15+AQ12/AQ$6*Mapping!$D$16+AR12/AR$6*Mapping!$D$17+AS12/AS$6*Mapping!$D$18+AT12/AT$6*Mapping!$D$19+AU12/AU$6*Mapping!$D$20+AV12/AV$6*Mapping!$D$21+AW12/AW$6*Mapping!$D$22+AX12/AX$6*Mapping!$D$23)/SUM(Mapping!$D$15:$D$23),"") | BF12: =IFERROR((AP12/AP$6*Mapping!$E$15+AQ12/AQ$6*Mapping!$E$16+AR12/AR$6*Mapping!$E$17+AS12/AS$6*Mapping!$E$18+AT12/AT$6*Mapping!$E$19+AU12/AU$6*Mapping!$E$20+AV12/AV$6*Mapping!$E$21+AW12/AW$6*Mapping!$E$22+AX12/AX$6*Mapping!$E$23)/SUM(Mapping!$E$15:$E$23),"") | BG12: =IFERROR((AP12/AP$6*Mapping!$F$15+AQ12/AQ$6*Mapping!$F$16+AR12/AR$6*Mapping!$F$17+AS12/AS$6*Mapping!$F$18+AT12/AT$6*Mapping!$F$19+AU12/AU$6*Mapping!$F$20+AV12/AV$6*Mapping!$F$21+AW12/AW$6*Mapping!$F$22+AX12/AX$6*Mapping!$F$23)/SUM(Mapping!$F$15:$F$23),"") | BH12: =IFERROR((AP12/AP$6*Mapping!$G$15+AQ12/AQ$6*Mapping!$G$16+AR12/AR$6*Mapping!$G$17+AS12/AS$6*Mapping!$G$18+AT12/AT$6*Mapping!$G$19+AU12/AU$6*Mapping!$G$20+AV12/AV$6*Mapping!$G$21+AW12/AW$6*Mapping!$G$22+AX12/AX$6*Mapping!$G$23)/SUM(Mapping!$G$15:$G$23),"") | BI12: =IFERROR((AP12/AP$6*Mapping!$H$15+AQ12/AQ$6*Mapping!$H$16+AR12/AR$6*Mapping!$H$17+AS12/AS$6*Mapping!$H$18+AT12/AT$6*Mapping!$H$19+AU12/AU$6*Mapping!$H$20+AV12/AV$6*Mapping!$H$21+AW12/AW$6*Mapping!$H$22+AX12/AX$6*Mapping!$H$23)/SUM(Mapping!$H$15:$H$23),"") | BJ12: =IFERROR((AP12/AP$6*Mapping!$I$15+AQ12/AQ$6*Mapping!$I$16+AR12/AR$6*Mapping!$I$17+AS12/AS$6*Mapping!$I$18+AT12/AT$6*Mapping!$I$19+AU12/AU$6*Mapping!$I$20+AV12/AV$6*Mapping!$I$21+AW12/AW$6*Mapping!$I$22+AX12/AX$6*Mapping!$I$23)/SUM(Mapping!$I$15:$I$23),"") | BK12: =IFERROR((AP12/AP$6*Mapping!$J$15+AQ12/AQ$6*Mapping!$J$16+AR12/AR$6*Mapping!$J$17+AS12/AS$6*Mapping!$J$18+AT12/AT$6*Mapping!$J$19+AU12/AU$6*Mapping!$J$20+AV12/AV$6*Mapping!$J$21+AW12/AW$6*Mapping!$J$22+AX12/AX$6*Mapping!$J$23)/SUM(Mapping!$J$15:$J$23),"") | BL12: =IFERROR((AP12/AP$6*Mapping!$K$15+AQ12/AQ$6*Mapping!$K$16+AR12/AR$6*Mapping!$K$17+AS12/AS$6*Mapping!$K$18+AT12/AT$6*Mapping!$K$19+AU12/AU$6*Mapping!$K$20+AV12/AV$6*Mapping!$K$21+AW12/AW$6*Mapping!$K$22+AX12/AX$6*Mapping!$K$23)/SUM(Mapping!$K$15:$K$23),"") | BM12: =IFERROR((AP12/AP$6*Mapping!$L$15+AQ12/AQ$6*Mapping!$L$16+AR12/AR$6*Mapping!$L$17+AS12/AS$6*Mapping!$L$18+AT12/AT$6*Mapping!$L$19+AU12/AU$6*Mapping!$L$20+AV12/AV$6*Mapping!$L$21+AW12/AW$6*Mapping!$L$22+AX12/AX$6*Mapping!$L$23)/SUM(Mapping!$L$15:$L$23),"") | BN12: =IFERROR((AP12/AP$6*Mapping!$M$15+AQ12/AQ$6*Mapping!$M$16+AR12/AR$6*Mapping!$M$17+AS12/AS$6*Mapping!$M$18+AT12/AT$6*Mapping!$M$19+AU12/AU$6*Mapping!$M$20+AV12/AV$6*Mapping!$M$21+AW12/AW$6*Mapping!$M$22+AX12/AX$6*Mapping!$M$23)/SUM(Mapping!$M$15:$M$23),"") | BO12: =IFERROR((AP12/AP$6*Mapping!$N$15+AQ12/AQ$6*Mapping!$N$16+AR12/AR$6*Mapping!$N$17+AS12/AS$6*Mapping!$N$18+AT12/AT$6*Mapping!$N$19+AU12/AU$6*Mapping!$N$20+AV12/AV$6*Mapping!$N$21+AW12/AW$6*Mapping!$N$22+AX12/AX$6*Mapping!$N$23)/SUM(Mapping!$N$15:$N$23),"") | BP12: =IFERROR((AP12/AP$6*Mapping!$O$15+AQ12/AQ$6*Mapping!$O$16+AR12/AR$6*Mapping!$O$17+AS12/AS$6*Mapping!$O$18+AT12/AT$6*Mapping!$O$19+AU12/AU$6*Mapping!$O$20+AV12/AV$6*Mapping!$O$21+AW12/AW$6*Mapping!$O$22+AX12/AX$6*Mapping!$O$23)/SUM(Mapping!$O$15:$O$23),"") | BQ12: =IFERROR((AP12/AP$6*Mapping!$P$15+AQ12/AQ$6*Mapping!$P$16+AR12/AR$6*Mapping!$P$17+AS12/AS$6*Mapping!$P$18+AT12/AT$6*Mapping!$P$19+AU12/AU$6*Mapping!$P$20+AV12/AV$6*Mapping!$P$21+AW12/AW$6*Mapping!$P$22+AX12/AX$6*Mapping!$P$23)/SUM(Mapping!$P$15:$P$23),"") | BR12: =IF(BA12="","",BA12+N(AS12)/10000)
A13: 7 | B13: 3rd Sem - B | AP13: =IF(COUNT(I13,T13,AE13)=0,"",AVERAGE(I13,T13,AE13)) | AQ13: =IF(COUNT(J13,U13,AF13)=0,"",AVERAGE(J13,U13,AF13)) | AR13: =IF(COUNT(K13,V13,AG13)=0,"",AVERAGE(K13,V13,AG13)) | AS13: =IF(COUNT(L13,W13,AH13)=0,"",AVERAGE(L13,W13,AH13)) | AT13: =IF(COUNT(M13,X13,AI13)=0,"",AVERAGE(M13,X13,AI13)) | AU13: =IF(COUNT(N13,Y13,AJ13)=0,"",AVERAGE(N13,Y13,AJ13)) | AV13: =IF(COUNT(O13,Z13,AK13)=0,"",AVERAGE(O13,Z13,AK13)) | AW13: =IF(COUNT(P13,AA13,AL13)=0,"",AVERAGE(P13,AA13,AL13)) | AX13: =IF(COUNT(Q13,AB13,AM13)=0,"",AVERAGE(Q13,AB13,AM13)) | AY13: =IF(OR($F13="",COUNT(R13,AC13,AN13)=0),"",AVERAGE(R13,AC13,AN13)) | AZ13: =IF(OR($G13="",$G13=$F13,COUNT(S13,AD13,AO13)=0),"",AVERAGE(S13,AD13,AO13)) | BA13: =IF(COUNT(AP13:AX13)=0,"",SUM(AP13:AX13)) | BB13: =IF(BA13="","",BA13/BA$6) | BC13: =IF(BR13="","",COUNTIF($BR$7:$BR$26,">"&BR13)+COUNTIF($BR$7:BR13,BR13)) | BD13: =IF(BC13="","",IF(BC13<=Mapping!$C$11,"Shortlisted","Not shortlisted")) | BE13: =IFERROR((AP13/AP$6*Mapping!$D$15+AQ13/AQ$6*Mapping!$D$16+AR13/AR$6*Mapping!$D$17+AS13/AS$6*Mapping!$D$18+AT13/AT$6*Mapping!$D$19+AU13/AU$6*Mapping!$D$20+AV13/AV$6*Mapping!$D$21+AW13/AW$6*Mapping!$D$22+AX13/AX$6*Mapping!$D$23)/SUM(Mapping!$D$15:$D$23),"") | BF13: =IFERROR((AP13/AP$6*Mapping!$E$15+AQ13/AQ$6*Mapping!$E$16+AR13/AR$6*Mapping!$E$17+AS13/AS$6*Mapping!$E$18+AT13/AT$6*Mapping!$E$19+AU13/AU$6*Mapping!$E$20+AV13/AV$6*Mapping!$E$21+AW13/AW$6*Mapping!$E$22+AX13/AX$6*Mapping!$E$23)/SUM(Mapping!$E$15:$E$23),"") | BG13: =IFERROR((AP13/AP$6*Mapping!$F$15+AQ13/AQ$6*Mapping!$F$16+AR13/AR$6*Mapping!$F$17+AS13/AS$6*Mapping!$F$18+AT13/AT$6*Mapping!$F$19+AU13/AU$6*Mapping!$F$20+AV13/AV$6*Mapping!$F$21+AW13/AW$6*Mapping!$F$22+AX13/AX$6*Mapping!$F$23)/SUM(Mapping!$F$15:$F$23),"") | BH13: =IFERROR((AP13/AP$6*Mapping!$G$15+AQ13/AQ$6*Mapping!$G$16+AR13/AR$6*Mapping!$G$17+AS13/AS$6*Mapping!$G$18+AT13/AT$6*Mapping!$G$19+AU13/AU$6*Mapping!$G$20+AV13/AV$6*Mapping!$G$21+AW13/AW$6*Mapping!$G$22+AX13/AX$6*Mapping!$G$23)/SUM(Mapping!$G$15:$G$23),"") | BI13: =IFERROR((AP13/AP$6*Mapping!$H$15+AQ13/AQ$6*Mapping!$H$16+AR13/AR$6*Mapping!$H$17+AS13/AS$6*Mapping!$H$18+AT13/AT$6*Mapping!$H$19+AU13/AU$6*Mapping!$H$20+AV13/AV$6*Mapping!$H$21+AW13/AW$6*Mapping!$H$22+AX13/AX$6*Mapping!$H$23)/SUM(Mapping!$H$15:$H$23),"") | BJ13: =IFERROR((AP13/AP$6*Mapping!$I$15+AQ13/AQ$6*Mapping!$I$16+AR13/AR$6*Mapping!$I$17+AS13/AS$6*Mapping!$I$18+AT13/AT$6*Mapping!$I$19+AU13/AU$6*Mapping!$I$20+AV13/AV$6*Mapping!$I$21+AW13/AW$6*Mapping!$I$22+AX13/AX$6*Mapping!$I$23)/SUM(Mapping!$I$15:$I$23),"") | BK13: =IFERROR((AP13/AP$6*Mapping!$J$15+AQ13/AQ$6*Mapping!$J$16+AR13/AR$6*Mapping!$J$17+AS13/AS$6*Mapping!$J$18+AT13/AT$6*Mapping!$J$19+AU13/AU$6*Mapping!$J$20+AV13/AV$6*Mapping!$J$21+AW13/AW$6*Mapping!$J$22+AX13/AX$6*Mapping!$J$23)/SUM(Mapping!$J$15:$J$23),"") | BL13: =IFERROR((AP13/AP$6*Mapping!$K$15+AQ13/AQ$6*Mapping!$K$16+AR13/AR$6*Mapping!$K$17+AS13/AS$6*Mapping!$K$18+AT13/AT$6*Mapping!$K$19+AU13/AU$6*Mapping!$K$20+AV13/AV$6*Mapping!$K$21+AW13/AW$6*Mapping!$K$22+AX13/AX$6*Mapping!$K$23)/SUM(Mapping!$K$15:$K$23),"") | BM13: =IFERROR((AP13/AP$6*Mapping!$L$15+AQ13/AQ$6*Mapping!$L$16+AR13/AR$6*Mapping!$L$17+AS13/AS$6*Mapping!$L$18+AT13/AT$6*Mapping!$L$19+AU13/AU$6*Mapping!$L$20+AV13/AV$6*Mapping!$L$21+AW13/AW$6*Mapping!$L$22+AX13/AX$6*Mapping!$L$23)/SUM(Mapping!$L$15:$L$23),"") | BN13: =IFERROR((AP13/AP$6*Mapping!$M$15+AQ13/AQ$6*Mapping!$M$16+AR13/AR$6*Mapping!$M$17+AS13/AS$6*Mapping!$M$18+AT13/AT$6*Mapping!$M$19+AU13/AU$6*Mapping!$M$20+AV13/AV$6*Mapping!$M$21+AW13/AW$6*Mapping!$M$22+AX13/AX$6*Mapping!$M$23)/SUM(Mapping!$M$15:$M$23),"") | BO13: =IFERROR((AP13/AP$6*Mapping!$N$15+AQ13/AQ$6*Mapping!$N$16+AR13/AR$6*Mapping!$N$17+AS13/AS$6*Mapping!$N$18+AT13/AT$6*Mapping!$N$19+AU13/AU$6*Mapping!$N$20+AV13/AV$6*Mapping!$N$21+AW13/AW$6*Mapping!$N$22+AX13/AX$6*Mapping!$N$23)/SUM(Mapping!$N$15:$N$23),"") | BP13: =IFERROR((AP13/AP$6*Mapping!$O$15+AQ13/AQ$6*Mapping!$O$16+AR13/AR$6*Mapping!$O$17+AS13/AS$6*Mapping!$O$18+AT13/AT$6*Mapping!$O$19+AU13/AU$6*Mapping!$O$20+AV13/AV$6*Mapping!$O$21+AW13/AW$6*Mapping!$O$22+AX13/AX$6*Mapping!$O$23)/SUM(Mapping!$O$15:$O$23),"") | BQ13: =IFERROR((AP13/AP$6*Mapping!$P$15+AQ13/AQ$6*Mapping!$P$16+AR13/AR$6*Mapping!$P$17+AS13/AS$6*Mapping!$P$18+AT13/AT$6*Mapping!$P$19+AU13/AU$6*Mapping!$P$20+AV13/AV$6*Mapping!$P$21+AW13/AW$6*Mapping!$P$22+AX13/AX$6*Mapping!$P$23)/SUM(Mapping!$P$15:$P$23),"") | BR13: =IF(BA13="","",BA13+N(AS13)/10000)
A14: 8 | B14: 3rd Sem - B | AP14: =IF(COUNT(I14,T14,AE14)=0,"",AVERAGE(I14,T14,AE14)) | AQ14: =IF(COUNT(J14,U14,AF14)=0,"",AVERAGE(J14,U14,AF14)) | AR14: =IF(COUNT(K14,V14,AG14)=0,"",AVERAGE(K14,V14,AG14)) | AS14: =IF(COUNT(L14,W14,AH14)=0,"",AVERAGE(L14,W14,AH14)) | AT14: =IF(COUNT(M14,X14,AI14)=0,"",AVERAGE(M14,X14,AI14)) | AU14: =IF(COUNT(N14,Y14,AJ14)=0,"",AVERAGE(N14,Y14,AJ14)) | AV14: =IF(COUNT(O14,Z14,AK14)=0,"",AVERAGE(O14,Z14,AK14)) | AW14: =IF(COUNT(P14,AA14,AL14)=0,"",AVERAGE(P14,AA14,AL14)) | AX14: =IF(COUNT(Q14,AB14,AM14)=0,"",AVERAGE(Q14,AB14,AM14)) | AY14: =IF(OR($F14="",COUNT(R14,AC14,AN14)=0),"",AVERAGE(R14,AC14,AN14)) | AZ14: =IF(OR($G14="",$G14=$F14,COUNT(S14,AD14,AO14)=0),"",AVERAGE(S14,AD14,AO14)) | BA14: =IF(COUNT(AP14:AX14)=0,"",SUM(AP14:AX14)) | BB14: =IF(BA14="","",BA14/BA$6) | BC14: =IF(BR14="","",COUNTIF($BR$7:$BR$26,">"&BR14)+COUNTIF($BR$7:BR14,BR14)) | BD14: =IF(BC14="","",IF(BC14<=Mapping!$C$11,"Shortlisted","Not shortlisted")) | BE14: =IFERROR((AP14/AP$6*Mapping!$D$15+AQ14/AQ$6*Mapping!$D$16+AR14/AR$6*Mapping!$D$17+AS14/AS$6*Mapping!$D$18+AT14/AT$6*Mapping!$D$19+AU14/AU$6*Mapping!$D$20+AV14/AV$6*Mapping!$D$21+AW14/AW$6*Mapping!$D$22+AX14/AX$6*Mapping!$D$23)/SUM(Mapping!$D$15:$D$23),"") | BF14: =IFERROR((AP14/AP$6*Mapping!$E$15+AQ14/AQ$6*Mapping!$E$16+AR14/AR$6*Mapping!$E$17+AS14/AS$6*Mapping!$E$18+AT14/AT$6*Mapping!$E$19+AU14/AU$6*Mapping!$E$20+AV14/AV$6*Mapping!$E$21+AW14/AW$6*Mapping!$E$22+AX14/AX$6*Mapping!$E$23)/SUM(Mapping!$E$15:$E$23),"") | BG14: =IFERROR((AP14/AP$6*Mapping!$F$15+AQ14/AQ$6*Mapping!$F$16+AR14/AR$6*Mapping!$F$17+AS14/AS$6*Mapping!$F$18+AT14/AT$6*Mapping!$F$19+AU14/AU$6*Mapping!$F$20+AV14/AV$6*Mapping!$F$21+AW14/AW$6*Mapping!$F$22+AX14/AX$6*Mapping!$F$23)/SUM(Mapping!$F$15:$F$23),"") | BH14: =IFERROR((AP14/AP$6*Mapping!$G$15+AQ14/AQ$6*Mapping!$G$16+AR14/AR$6*Mapping!$G$17+AS14/AS$6*Mapping!$G$18+AT14/AT$6*Mapping!$G$19+AU14/AU$6*Mapping!$G$20+AV14/AV$6*Mapping!$G$21+AW14/AW$6*Mapping!$G$22+AX14/AX$6*Mapping!$G$23)/SUM(Mapping!$G$15:$G$23),"") | BI14: =IFERROR((AP14/AP$6*Mapping!$H$15+AQ14/AQ$6*Mapping!$H$16+AR14/AR$6*Mapping!$H$17+AS14/AS$6*Mapping!$H$18+AT14/AT$6*Mapping!$H$19+AU14/AU$6*Mapping!$H$20+AV14/AV$6*Mapping!$H$21+AW14/AW$6*Mapping!$H$22+AX14/AX$6*Mapping!$H$23)/SUM(Mapping!$H$15:$H$23),"") | BJ14: =IFERROR((AP14/AP$6*Mapping!$I$15+AQ14/AQ$6*Mapping!$I$16+AR14/AR$6*Mapping!$I$17+AS14/AS$6*Mapping!$I$18+AT14/AT$6*Mapping!$I$19+AU14/AU$6*Mapping!$I$20+AV14/AV$6*Mapping!$I$21+AW14/AW$6*Mapping!$I$22+AX14/AX$6*Mapping!$I$23)/SUM(Mapping!$I$15:$I$23),"") | BK14: =IFERROR((AP14/AP$6*Mapping!$J$15+AQ14/AQ$6*Mapping!$J$16+AR14/AR$6*Mapping!$J$17+AS14/AS$6*Mapping!$J$18+AT14/AT$6*Mapping!$J$19+AU14/AU$6*Mapping!$J$20+AV14/AV$6*Mapping!$J$21+AW14/AW$6*Mapping!$J$22+AX14/AX$6*Mapping!$J$23)/SUM(Mapping!$J$15:$J$23),"") | BL14: =IFERROR((AP14/AP$6*Mapping!$K$15+AQ14/AQ$6*Mapping!$K$16+AR14/AR$6*Mapping!$K$17+AS14/AS$6*Mapping!$K$18+AT14/AT$6*Mapping!$K$19+AU14/AU$6*Mapping!$K$20+AV14/AV$6*Mapping!$K$21+AW14/AW$6*Mapping!$K$22+AX14/AX$6*Mapping!$K$23)/SUM(Mapping!$K$15:$K$23),"") | BM14: =IFERROR((AP14/AP$6*Mapping!$L$15+AQ14/AQ$6*Mapping!$L$16+AR14/AR$6*Mapping!$L$17+AS14/AS$6*Mapping!$L$18+AT14/AT$6*Mapping!$L$19+AU14/AU$6*Mapping!$L$20+AV14/AV$6*Mapping!$L$21+AW14/AW$6*Mapping!$L$22+AX14/AX$6*Mapping!$L$23)/SUM(Mapping!$L$15:$L$23),"") | BN14: =IFERROR((AP14/AP$6*Mapping!$M$15+AQ14/AQ$6*Mapping!$M$16+AR14/AR$6*Mapping!$M$17+AS14/AS$6*Mapping!$M$18+AT14/AT$6*Mapping!$M$19+AU14/AU$6*Mapping!$M$20+AV14/AV$6*Mapping!$M$21+AW14/AW$6*Mapping!$M$22+AX14/AX$6*Mapping!$M$23)/SUM(Mapping!$M$15:$M$23),"") | BO14: =IFERROR((AP14/AP$6*Mapping!$N$15+AQ14/AQ$6*Mapping!$N$16+AR14/AR$6*Mapping!$N$17+AS14/AS$6*Mapping!$N$18+AT14/AT$6*Mapping!$N$19+AU14/AU$6*Mapping!$N$20+AV14/AV$6*Mapping!$N$21+AW14/AW$6*Mapping!$N$22+AX14/AX$6*Mapping!$N$23)/SUM(Mapping!$N$15:$N$23),"") | BP14: =IFERROR((AP14/AP$6*Mapping!$O$15+AQ14/AQ$6*Mapping!$O$16+AR14/AR$6*Mapping!$O$17+AS14/AS$6*Mapping!$O$18+AT14/AT$6*Mapping!$O$19+AU14/AU$6*Mapping!$O$20+AV14/AV$6*Mapping!$O$21+AW14/AW$6*Mapping!$O$22+AX14/AX$6*Mapping!$O$23)/SUM(Mapping!$O$15:$O$23),"") | BQ14: =IFERROR((AP14/AP$6*Mapping!$P$15+AQ14/AQ$6*Mapping!$P$16+AR14/AR$6*Mapping!$P$17+AS14/AS$6*Mapping!$P$18+AT14/AT$6*Mapping!$P$19+AU14/AU$6*Mapping!$P$20+AV14/AV$6*Mapping!$P$21+AW14/AW$6*Mapping!$P$22+AX14/AX$6*Mapping!$P$23)/SUM(Mapping!$P$15:$P$23),"") | BR14: =IF(BA14="","",BA14+N(AS14)/10000)
A15: 9 | B15: 3rd Sem - B | AP15: =IF(COUNT(I15,T15,AE15)=0,"",AVERAGE(I15,T15,AE15)) | AQ15: =IF(COUNT(J15,U15,AF15)=0,"",AVERAGE(J15,U15,AF15)) | AR15: =IF(COUNT(K15,V15,AG15)=0,"",AVERAGE(K15,V15,AG15)) | AS15: =IF(COUNT(L15,W15,AH15)=0,"",AVERAGE(L15,W15,AH15)) | AT15: =IF(COUNT(M15,X15,AI15)=0,"",AVERAGE(M15,X15,AI15)) | AU15: =IF(COUNT(N15,Y15,AJ15)=0,"",AVERAGE(N15,Y15,AJ15)) | AV15: =IF(COUNT(O15,Z15,AK15)=0,"",AVERAGE(O15,Z15,AK15)) | AW15: =IF(COUNT(P15,AA15,AL15)=0,"",AVERAGE(P15,AA15,AL15)) | AX15: =IF(COUNT(Q15,AB15,AM15)=0,"",AVERAGE(Q15,AB15,AM15)) | AY15: =IF(OR($F15="",COUNT(R15,AC15,AN15)=0),"",AVERAGE(R15,AC15,AN15)) | AZ15: =IF(OR($G15="",$G15=$F15,COUNT(S15,AD15,AO15)=0),"",AVERAGE(S15,AD15,AO15)) | BA15: =IF(COUNT(AP15:AX15)=0,"",SUM(AP15:AX15)) | BB15: =IF(BA15="","",BA15/BA$6) | BC15: =IF(BR15="","",COUNTIF($BR$7:$BR$26,">"&BR15)+COUNTIF($BR$7:BR15,BR15)) | BD15: =IF(BC15="","",IF(BC15<=Mapping!$C$11,"Shortlisted","Not shortlisted")) | BE15: =IFERROR((AP15/AP$6*Mapping!$D$15+AQ15/AQ$6*Mapping!$D$16+AR15/AR$6*Mapping!$D$17+AS15/AS$6*Mapping!$D$18+AT15/AT$6*Mapping!$D$19+AU15/AU$6*Mapping!$D$20+AV15/AV$6*Mapping!$D$21+AW15/AW$6*Mapping!$D$22+AX15/AX$6*Mapping!$D$23)/SUM(Mapping!$D$15:$D$23),"") | BF15: =IFERROR((AP15/AP$6*Mapping!$E$15+AQ15/AQ$6*Mapping!$E$16+AR15/AR$6*Mapping!$E$17+AS15/AS$6*Mapping!$E$18+AT15/AT$6*Mapping!$E$19+AU15/AU$6*Mapping!$E$20+AV15/AV$6*Mapping!$E$21+AW15/AW$6*Mapping!$E$22+AX15/AX$6*Mapping!$E$23)/SUM(Mapping!$E$15:$E$23),"") | BG15: =IFERROR((AP15/AP$6*Mapping!$F$15+AQ15/AQ$6*Mapping!$F$16+AR15/AR$6*Mapping!$F$17+AS15/AS$6*Mapping!$F$18+AT15/AT$6*Mapping!$F$19+AU15/AU$6*Mapping!$F$20+AV15/AV$6*Mapping!$F$21+AW15/AW$6*Mapping!$F$22+AX15/AX$6*Mapping!$F$23)/SUM(Mapping!$F$15:$F$23),"") | BH15: =IFERROR((AP15/AP$6*Mapping!$G$15+AQ15/AQ$6*Mapping!$G$16+AR15/AR$6*Mapping!$G$17+AS15/AS$6*Mapping!$G$18+AT15/AT$6*Mapping!$G$19+AU15/AU$6*Mapping!$G$20+AV15/AV$6*Mapping!$G$21+AW15/AW$6*Mapping!$G$22+AX15/AX$6*Mapping!$G$23)/SUM(Mapping!$G$15:$G$23),"") | BI15: =IFERROR((AP15/AP$6*Mapping!$H$15+AQ15/AQ$6*Mapping!$H$16+AR15/AR$6*Mapping!$H$17+AS15/AS$6*Mapping!$H$18+AT15/AT$6*Mapping!$H$19+AU15/AU$6*Mapping!$H$20+AV15/AV$6*Mapping!$H$21+AW15/AW$6*Mapping!$H$22+AX15/AX$6*Mapping!$H$23)/SUM(Mapping!$H$15:$H$23),"") | BJ15: =IFERROR((AP15/AP$6*Mapping!$I$15+AQ15/AQ$6*Mapping!$I$16+AR15/AR$6*Mapping!$I$17+AS15/AS$6*Mapping!$I$18+AT15/AT$6*Mapping!$I$19+AU15/AU$6*Mapping!$I$20+AV15/AV$6*Mapping!$I$21+AW15/AW$6*Mapping!$I$22+AX15/AX$6*Mapping!$I$23)/SUM(Mapping!$I$15:$I$23),"") | BK15: =IFERROR((AP15/AP$6*Mapping!$J$15+AQ15/AQ$6*Mapping!$J$16+AR15/AR$6*Mapping!$J$17+AS15/AS$6*Mapping!$J$18+AT15/AT$6*Mapping!$J$19+AU15/AU$6*Mapping!$J$20+AV15/AV$6*Mapping!$J$21+AW15/AW$6*Mapping!$J$22+AX15/AX$6*Mapping!$J$23)/SUM(Mapping!$J$15:$J$23),"") | BL15: =IFERROR((AP15/AP$6*Mapping!$K$15+AQ15/AQ$6*Mapping!$K$16+AR15/AR$6*Mapping!$K$17+AS15/AS$6*Mapping!$K$18+AT15/AT$6*Mapping!$K$19+AU15/AU$6*Mapping!$K$20+AV15/AV$6*Mapping!$K$21+AW15/AW$6*Mapping!$K$22+AX15/AX$6*Mapping!$K$23)/SUM(Mapping!$K$15:$K$23),"") | BM15: =IFERROR((AP15/AP$6*Mapping!$L$15+AQ15/AQ$6*Mapping!$L$16+AR15/AR$6*Mapping!$L$17+AS15/AS$6*Mapping!$L$18+AT15/AT$6*Mapping!$L$19+AU15/AU$6*Mapping!$L$20+AV15/AV$6*Mapping!$L$21+AW15/AW$6*Mapping!$L$22+AX15/AX$6*Mapping!$L$23)/SUM(Mapping!$L$15:$L$23),"") | BN15: =IFERROR((AP15/AP$6*Mapping!$M$15+AQ15/AQ$6*Mapping!$M$16+AR15/AR$6*Mapping!$M$17+AS15/AS$6*Mapping!$M$18+AT15/AT$6*Mapping!$M$19+AU15/AU$6*Mapping!$M$20+AV15/AV$6*Mapping!$M$21+AW15/AW$6*Mapping!$M$22+AX15/AX$6*Mapping!$M$23)/SUM(Mapping!$M$15:$M$23),"") | BO15: =IFERROR((AP15/AP$6*Mapping!$N$15+AQ15/AQ$6*Mapping!$N$16+AR15/AR$6*Mapping!$N$17+AS15/AS$6*Mapping!$N$18+AT15/AT$6*Mapping!$N$19+AU15/AU$6*Mapping!$N$20+AV15/AV$6*Mapping!$N$21+AW15/AW$6*Mapping!$N$22+AX15/AX$6*Mapping!$N$23)/SUM(Mapping!$N$15:$N$23),"") | BP15: =IFERROR((AP15/AP$6*Mapping!$O$15+AQ15/AQ$6*Mapping!$O$16+AR15/AR$6*Mapping!$O$17+AS15/AS$6*Mapping!$O$18+AT15/AT$6*Mapping!$O$19+AU15/AU$6*Mapping!$O$20+AV15/AV$6*Mapping!$O$21+AW15/AW$6*Mapping!$O$22+AX15/AX$6*Mapping!$O$23)/SUM(Mapping!$O$15:$O$23),"") | BQ15: =IFERROR((AP15/AP$6*Mapping!$P$15+AQ15/AQ$6*Mapping!$P$16+AR15/AR$6*Mapping!$P$17+AS15/AS$6*Mapping!$P$18+AT15/AT$6*Mapping!$P$19+AU15/AU$6*Mapping!$P$20+AV15/AV$6*Mapping!$P$21+AW15/AW$6*Mapping!$P$22+AX15/AX$6*Mapping!$P$23)/SUM(Mapping!$P$15:$P$23),"") | BR15: =IF(BA15="","",BA15+N(AS15)/10000)
A16: 10 | B16: 3rd Sem - B | AP16: =IF(COUNT(I16,T16,AE16)=0,"",AVERAGE(I16,T16,AE16)) | AQ16: =IF(COUNT(J16,U16,AF16)=0,"",AVERAGE(J16,U16,AF16)) | AR16: =IF(COUNT(K16,V16,AG16)=0,"",AVERAGE(K16,V16,AG16)) | AS16: =IF(COUNT(L16,W16,AH16)=0,"",AVERAGE(L16,W16,AH16)) | AT16: =IF(COUNT(M16,X16,AI16)=0,"",AVERAGE(M16,X16,AI16)) | AU16: =IF(COUNT(N16,Y16,AJ16)=0,"",AVERAGE(N16,Y16,AJ16)) | AV16: =IF(COUNT(O16,Z16,AK16)=0,"",AVERAGE(O16,Z16,AK16)) | AW16: =IF(COUNT(P16,AA16,AL16)=0,"",AVERAGE(P16,AA16,AL16)) | AX16: =IF(COUNT(Q16,AB16,AM16)=0,"",AVERAGE(Q16,AB16,AM16)) | AY16: =IF(OR($F16="",COUNT(R16,AC16,AN16)=0),"",AVERAGE(R16,AC16,AN16)) | AZ16: =IF(OR($G16="",$G16=$F16,COUNT(S16,AD16,AO16)=0),"",AVERAGE(S16,AD16,AO16)) | BA16: =IF(COUNT(AP16:AX16)=0,"",SUM(AP16:AX16)) | BB16: =IF(BA16="","",BA16/BA$6) | BC16: =IF(BR16="","",COUNTIF($BR$7:$BR$26,">"&BR16)+COUNTIF($BR$7:BR16,BR16)) | BD16: =IF(BC16="","",IF(BC16<=Mapping!$C$11,"Shortlisted","Not shortlisted")) | BE16: =IFERROR((AP16/AP$6*Mapping!$D$15+AQ16/AQ$6*Mapping!$D$16+AR16/AR$6*Mapping!$D$17+AS16/AS$6*Mapping!$D$18+AT16/AT$6*Mapping!$D$19+AU16/AU$6*Mapping!$D$20+AV16/AV$6*Mapping!$D$21+AW16/AW$6*Mapping!$D$22+AX16/AX$6*Mapping!$D$23)/SUM(Mapping!$D$15:$D$23),"") | BF16: =IFERROR((AP16/AP$6*Mapping!$E$15+AQ16/AQ$6*Mapping!$E$16+AR16/AR$6*Mapping!$E$17+AS16/AS$6*Mapping!$E$18+AT16/AT$6*Mapping!$E$19+AU16/AU$6*Mapping!$E$20+AV16/AV$6*Mapping!$E$21+AW16/AW$6*Mapping!$E$22+AX16/AX$6*Mapping!$E$23)/SUM(Mapping!$E$15:$E$23),"") | BG16: =IFERROR((AP16/AP$6*Mapping!$F$15+AQ16/AQ$6*Mapping!$F$16+AR16/AR$6*Mapping!$F$17+AS16/AS$6*Mapping!$F$18+AT16/AT$6*Mapping!$F$19+AU16/AU$6*Mapping!$F$20+AV16/AV$6*Mapping!$F$21+AW16/AW$6*Mapping!$F$22+AX16/AX$6*Mapping!$F$23)/SUM(Mapping!$F$15:$F$23),"") | BH16: =IFERROR((AP16/AP$6*Mapping!$G$15+AQ16/AQ$6*Mapping!$G$16+AR16/AR$6*Mapping!$G$17+AS16/AS$6*Mapping!$G$18+AT16/AT$6*Mapping!$G$19+AU16/AU$6*Mapping!$G$20+AV16/AV$6*Mapping!$G$21+AW16/AW$6*Mapping!$G$22+AX16/AX$6*Mapping!$G$23)/SUM(Mapping!$G$15:$G$23),"") | BI16: =IFERROR((AP16/AP$6*Mapping!$H$15+AQ16/AQ$6*Mapping!$H$16+AR16/AR$6*Mapping!$H$17+AS16/AS$6*Mapping!$H$18+AT16/AT$6*Mapping!$H$19+AU16/AU$6*Mapping!$H$20+AV16/AV$6*Mapping!$H$21+AW16/AW$6*Mapping!$H$22+AX16/AX$6*Mapping!$H$23)/SUM(Mapping!$H$15:$H$23),"") | BJ16: =IFERROR((AP16/AP$6*Mapping!$I$15+AQ16/AQ$6*Mapping!$I$16+AR16/AR$6*Mapping!$I$17+AS16/AS$6*Mapping!$I$18+AT16/AT$6*Mapping!$I$19+AU16/AU$6*Mapping!$I$20+AV16/AV$6*Mapping!$I$21+AW16/AW$6*Mapping!$I$22+AX16/AX$6*Mapping!$I$23)/SUM(Mapping!$I$15:$I$23),"") | BK16: =IFERROR((AP16/AP$6*Mapping!$J$15+AQ16/AQ$6*Mapping!$J$16+AR16/AR$6*Mapping!$J$17+AS16/AS$6*Mapping!$J$18+AT16/AT$6*Mapping!$J$19+AU16/AU$6*Mapping!$J$20+AV16/AV$6*Mapping!$J$21+AW16/AW$6*Mapping!$J$22+AX16/AX$6*Mapping!$J$23)/SUM(Mapping!$J$15:$J$23),"") | BL16: =IFERROR((AP16/AP$6*Mapping!$K$15+AQ16/AQ$6*Mapping!$K$16+AR16/AR$6*Mapping!$K$17+AS16/AS$6*Mapping!$K$18+AT16/AT$6*Mapping!$K$19+AU16/AU$6*Mapping!$K$20+AV16/AV$6*Mapping!$K$21+AW16/AW$6*Mapping!$K$22+AX16/AX$6*Mapping!$K$23)/SUM(Mapping!$K$15:$K$23),"") | BM16: =IFERROR((AP16/AP$6*Mapping!$L$15+AQ16/AQ$6*Mapping!$L$16+AR16/AR$6*Mapping!$L$17+AS16/AS$6*Mapping!$L$18+AT16/AT$6*Mapping!$L$19+AU16/AU$6*Mapping!$L$20+AV16/AV$6*Mapping!$L$21+AW16/AW$6*Mapping!$L$22+AX16/AX$6*Mapping!$L$23)/SUM(Mapping!$L$15:$L$23),"") | BN16: =IFERROR((AP16/AP$6*Mapping!$M$15+AQ16/AQ$6*Mapping!$M$16+AR16/AR$6*Mapping!$M$17+AS16/AS$6*Mapping!$M$18+AT16/AT$6*Mapping!$M$19+AU16/AU$6*Mapping!$M$20+AV16/AV$6*Mapping!$M$21+AW16/AW$6*Mapping!$M$22+AX16/AX$6*Mapping!$M$23)/SUM(Mapping!$M$15:$M$23),"") | BO16: =IFERROR((AP16/AP$6*Mapping!$N$15+AQ16/AQ$6*Mapping!$N$16+AR16/AR$6*Mapping!$N$17+AS16/AS$6*Mapping!$N$18+AT16/AT$6*Mapping!$N$19+AU16/AU$6*Mapping!$N$20+AV16/AV$6*Mapping!$N$21+AW16/AW$6*Mapping!$N$22+AX16/AX$6*Mapping!$N$23)/SUM(Mapping!$N$15:$N$23),"") | BP16: =IFERROR((AP16/AP$6*Mapping!$O$15+AQ16/AQ$6*Mapping!$O$16+AR16/AR$6*Mapping!$O$17+AS16/AS$6*Mapping!$O$18+AT16/AT$6*Mapping!$O$19+AU16/AU$6*Mapping!$O$20+AV16/AV$6*Mapping!$O$21+AW16/AW$6*Mapping!$O$22+AX16/AX$6*Mapping!$O$23)/SUM(Mapping!$O$15:$O$23),"") | BQ16: =IFERROR((AP16/AP$6*Mapping!$P$15+AQ16/AQ$6*Mapping!$P$16+AR16/AR$6*Mapping!$P$17+AS16/AS$6*Mapping!$P$18+AT16/AT$6*Mapping!$P$19+AU16/AU$6*Mapping!$P$20+AV16/AV$6*Mapping!$P$21+AW16/AW$6*Mapping!$P$22+AX16/AX$6*Mapping!$P$23)/SUM(Mapping!$P$15:$P$23),"") | BR16: =IF(BA16="","",BA16+N(AS16)/10000)
A17: 11 | B17: 3rd Sem - B | AP17: =IF(COUNT(I17,T17,AE17)=0,"",AVERAGE(I17,T17,AE17)) | AQ17: =IF(COUNT(J17,U17,AF17)=0,"",AVERAGE(J17,U17,AF17)) | AR17: =IF(COUNT(K17,V17,AG17)=0,"",AVERAGE(K17,V17,AG17)) | AS17: =IF(COUNT(L17,W17,AH17)=0,"",AVERAGE(L17,W17,AH17)) | AT17: =IF(COUNT(M17,X17,AI17)=0,"",AVERAGE(M17,X17,AI17)) | AU17: =IF(COUNT(N17,Y17,AJ17)=0,"",AVERAGE(N17,Y17,AJ17)) | AV17: =IF(COUNT(O17,Z17,AK17)=0,"",AVERAGE(O17,Z17,AK17)) | AW17: =IF(COUNT(P17,AA17,AL17)=0,"",AVERAGE(P17,AA17,AL17)) | AX17: =IF(COUNT(Q17,AB17,AM17)=0,"",AVERAGE(Q17,AB17,AM17)) | AY17: =IF(OR($F17="",COUNT(R17,AC17,AN17)=0),"",AVERAGE(R17,AC17,AN17)) | AZ17: =IF(OR($G17="",$G17=$F17,COUNT(S17,AD17,AO17)=0),"",AVERAGE(S17,AD17,AO17)) | BA17: =IF(COUNT(AP17:AX17)=0,"",SUM(AP17:AX17)) | BB17: =IF(BA17="","",BA17/BA$6) | BC17: =IF(BR17="","",COUNTIF($BR$7:$BR$26,">"&BR17)+COUNTIF($BR$7:BR17,BR17)) | BD17: =IF(BC17="","",IF(BC17<=Mapping!$C$11,"Shortlisted","Not shortlisted")) | BE17: =IFERROR((AP17/AP$6*Mapping!$D$15+AQ17/AQ$6*Mapping!$D$16+AR17/AR$6*Mapping!$D$17+AS17/AS$6*Mapping!$D$18+AT17/AT$6*Mapping!$D$19+AU17/AU$6*Mapping!$D$20+AV17/AV$6*Mapping!$D$21+AW17/AW$6*Mapping!$D$22+AX17/AX$6*Mapping!$D$23)/SUM(Mapping!$D$15:$D$23),"") | BF17: =IFERROR((AP17/AP$6*Mapping!$E$15+AQ17/AQ$6*Mapping!$E$16+AR17/AR$6*Mapping!$E$17+AS17/AS$6*Mapping!$E$18+AT17/AT$6*Mapping!$E$19+AU17/AU$6*Mapping!$E$20+AV17/AV$6*Mapping!$E$21+AW17/AW$6*Mapping!$E$22+AX17/AX$6*Mapping!$E$23)/SUM(Mapping!$E$15:$E$23),"") | BG17: =IFERROR((AP17/AP$6*Mapping!$F$15+AQ17/AQ$6*Mapping!$F$16+AR17/AR$6*Mapping!$F$17+AS17/AS$6*Mapping!$F$18+AT17/AT$6*Mapping!$F$19+AU17/AU$6*Mapping!$F$20+AV17/AV$6*Mapping!$F$21+AW17/AW$6*Mapping!$F$22+AX17/AX$6*Mapping!$F$23)/SUM(Mapping!$F$15:$F$23),"") | BH17: =IFERROR((AP17/AP$6*Mapping!$G$15+AQ17/AQ$6*Mapping!$G$16+AR17/AR$6*Mapping!$G$17+AS17/AS$6*Mapping!$G$18+AT17/AT$6*Mapping!$G$19+AU17/AU$6*Mapping!$G$20+AV17/AV$6*Mapping!$G$21+AW17/AW$6*Mapping!$G$22+AX17/AX$6*Mapping!$G$23)/SUM(Mapping!$G$15:$G$23),"") | BI17: =IFERROR((AP17/AP$6*Mapping!$H$15+AQ17/AQ$6*Mapping!$H$16+AR17/AR$6*Mapping!$H$17+AS17/AS$6*Mapping!$H$18+AT17/AT$6*Mapping!$H$19+AU17/AU$6*Mapping!$H$20+AV17/AV$6*Mapping!$H$21+AW17/AW$6*Mapping!$H$22+AX17/AX$6*Mapping!$H$23)/SUM(Mapping!$H$15:$H$23),"") | BJ17: =IFERROR((AP17/AP$6*Mapping!$I$15+AQ17/AQ$6*Mapping!$I$16+AR17/AR$6*Mapping!$I$17+AS17/AS$6*Mapping!$I$18+AT17/AT$6*Mapping!$I$19+AU17/AU$6*Mapping!$I$20+AV17/AV$6*Mapping!$I$21+AW17/AW$6*Mapping!$I$22+AX17/AX$6*Mapping!$I$23)/SUM(Mapping!$I$15:$I$23),"") | BK17: =IFERROR((AP17/AP$6*Mapping!$J$15+AQ17/AQ$6*Mapping!$J$16+AR17/AR$6*Mapping!$J$17+AS17/AS$6*Mapping!$J$18+AT17/AT$6*Mapping!$J$19+AU17/AU$6*Mapping!$J$20+AV17/AV$6*Mapping!$J$21+AW17/AW$6*Mapping!$J$22+AX17/AX$6*Mapping!$J$23)/SUM(Mapping!$J$15:$J$23),"") | BL17: =IFERROR((AP17/AP$6*Mapping!$K$15+AQ17/AQ$6*Mapping!$K$16+AR17/AR$6*Mapping!$K$17+AS17/AS$6*Mapping!$K$18+AT17/AT$6*Mapping!$K$19+AU17/AU$6*Mapping!$K$20+AV17/AV$6*Mapping!$K$21+AW17/AW$6*Mapping!$K$22+AX17/AX$6*Mapping!$K$23)/SUM(Mapping!$K$15:$K$23),"") | BM17: =IFERROR((AP17/AP$6*Mapping!$L$15+AQ17/AQ$6*Mapping!$L$16+AR17/AR$6*Mapping!$L$17+AS17/AS$6*Mapping!$L$18+AT17/AT$6*Mapping!$L$19+AU17/AU$6*Mapping!$L$20+AV17/AV$6*Mapping!$L$21+AW17/AW$6*Mapping!$L$22+AX17/AX$6*Mapping!$L$23)/SUM(Mapping!$L$15:$L$23),"") | BN17: =IFERROR((AP17/AP$6*Mapping!$M$15+AQ17/AQ$6*Mapping!$M$16+AR17/AR$6*Mapping!$M$17+AS17/AS$6*Mapping!$M$18+AT17/AT$6*Mapping!$M$19+AU17/AU$6*Mapping!$M$20+AV17/AV$6*Mapping!$M$21+AW17/AW$6*Mapping!$M$22+AX17/AX$6*Mapping!$M$23)/SUM(Mapping!$M$15:$M$23),"") | BO17: =IFERROR((AP17/AP$6*Mapping!$N$15+AQ17/AQ$6*Mapping!$N$16+AR17/AR$6*Mapping!$N$17+AS17/AS$6*Mapping!$N$18+AT17/AT$6*Mapping!$N$19+AU17/AU$6*Mapping!$N$20+AV17/AV$6*Mapping!$N$21+AW17/AW$6*Mapping!$N$22+AX17/AX$6*Mapping!$N$23)/SUM(Mapping!$N$15:$N$23),"") | BP17: =IFERROR((AP17/AP$6*Mapping!$O$15+AQ17/AQ$6*Mapping!$O$16+AR17/AR$6*Mapping!$O$17+AS17/AS$6*Mapping!$O$18+AT17/AT$6*Mapping!$O$19+AU17/AU$6*Mapping!$O$20+AV17/AV$6*Mapping!$O$21+AW17/AW$6*Mapping!$O$22+AX17/AX$6*Mapping!$O$23)/SUM(Mapping!$O$15:$O$23),"") | BQ17: =IFERROR((AP17/AP$6*Mapping!$P$15+AQ17/AQ$6*Mapping!$P$16+AR17/AR$6*Mapping!$P$17+AS17/AS$6*Mapping!$P$18+AT17/AT$6*Mapping!$P$19+AU17/AU$6*Mapping!$P$20+AV17/AV$6*Mapping!$P$21+AW17/AW$6*Mapping!$P$22+AX17/AX$6*Mapping!$P$23)/SUM(Mapping!$P$15:$P$23),"") | BR17: =IF(BA17="","",BA17+N(AS17)/10000)
A18: 12 | B18: 3rd Sem - B | AP18: =IF(COUNT(I18,T18,AE18)=0,"",AVERAGE(I18,T18,AE18)) | AQ18: =IF(COUNT(J18,U18,AF18)=0,"",AVERAGE(J18,U18,AF18)) | AR18: =IF(COUNT(K18,V18,AG18)=0,"",AVERAGE(K18,V18,AG18)) | AS18: =IF(COUNT(L18,W18,AH18)=0,"",AVERAGE(L18,W18,AH18)) | AT18: =IF(COUNT(M18,X18,AI18)=0,"",AVERAGE(M18,X18,AI18)) | AU18: =IF(COUNT(N18,Y18,AJ18)=0,"",AVERAGE(N18,Y18,AJ18)) | AV18: =IF(COUNT(O18,Z18,AK18)=0,"",AVERAGE(O18,Z18,AK18)) | AW18: =IF(COUNT(P18,AA18,AL18)=0,"",AVERAGE(P18,AA18,AL18)) | AX18: =IF(COUNT(Q18,AB18,AM18)=0,"",AVERAGE(Q18,AB18,AM18)) | AY18: =IF(OR($F18="",COUNT(R18,AC18,AN18)=0),"",AVERAGE(R18,AC18,AN18)) | AZ18: =IF(OR($G18="",$G18=$F18,COUNT(S18,AD18,AO18)=0),"",AVERAGE(S18,AD18,AO18)) | BA18: =IF(COUNT(AP18:AX18)=0,"",SUM(AP18:AX18)) | BB18: =IF(BA18="","",BA18/BA$6) | BC18: =IF(BR18="","",COUNTIF($BR$7:$BR$26,">"&BR18)+COUNTIF($BR$7:BR18,BR18)) | BD18: =IF(BC18="","",IF(BC18<=Mapping!$C$11,"Shortlisted","Not shortlisted")) | BE18: =IFERROR((AP18/AP$6*Mapping!$D$15+AQ18/AQ$6*Mapping!$D$16+AR18/AR$6*Mapping!$D$17+AS18/AS$6*Mapping!$D$18+AT18/AT$6*Mapping!$D$19+AU18/AU$6*Mapping!$D$20+AV18/AV$6*Mapping!$D$21+AW18/AW$6*Mapping!$D$22+AX18/AX$6*Mapping!$D$23)/SUM(Mapping!$D$15:$D$23),"") | BF18: =IFERROR((AP18/AP$6*Mapping!$E$15+AQ18/AQ$6*Mapping!$E$16+AR18/AR$6*Mapping!$E$17+AS18/AS$6*Mapping!$E$18+AT18/AT$6*Mapping!$E$19+AU18/AU$6*Mapping!$E$20+AV18/AV$6*Mapping!$E$21+AW18/AW$6*Mapping!$E$22+AX18/AX$6*Mapping!$E$23)/SUM(Mapping!$E$15:$E$23),"") | BG18: =IFERROR((AP18/AP$6*Mapping!$F$15+AQ18/AQ$6*Mapping!$F$16+AR18/AR$6*Mapping!$F$17+AS18/AS$6*Mapping!$F$18+AT18/AT$6*Mapping!$F$19+AU18/AU$6*Mapping!$F$20+AV18/AV$6*Mapping!$F$21+AW18/AW$6*Mapping!$F$22+AX18/AX$6*Mapping!$F$23)/SUM(Mapping!$F$15:$F$23),"") | BH18: =IFERROR((AP18/AP$6*Mapping!$G$15+AQ18/AQ$6*Mapping!$G$16+AR18/AR$6*Mapping!$G$17+AS18/AS$6*Mapping!$G$18+AT18/AT$6*Mapping!$G$19+AU18/AU$6*Mapping!$G$20+AV18/AV$6*Mapping!$G$21+AW18/AW$6*Mapping!$G$22+AX18/AX$6*Mapping!$G$23)/SUM(Mapping!$G$15:$G$23),"") | BI18: =IFERROR((AP18/AP$6*Mapping!$H$15+AQ18/AQ$6*Mapping!$H$16+AR18/AR$6*Mapping!$H$17+AS18/AS$6*Mapping!$H$18+AT18/AT$6*Mapping!$H$19+AU18/AU$6*Mapping!$H$20+AV18/AV$6*Mapping!$H$21+AW18/AW$6*Mapping!$H$22+AX18/AX$6*Mapping!$H$23)/SUM(Mapping!$H$15:$H$23),"") | BJ18: =IFERROR((AP18/AP$6*Mapping!$I$15+AQ18/AQ$6*Mapping!$I$16+AR18/AR$6*Mapping!$I$17+AS18/AS$6*Mapping!$I$18+AT18/AT$6*Mapping!$I$19+AU18/AU$6*Mapping!$I$20+AV18/AV$6*Mapping!$I$21+AW18/AW$6*Mapping!$I$22+AX18/AX$6*Mapping!$I$23)/SUM(Mapping!$I$15:$I$23),"") | BK18: =IFERROR((AP18/AP$6*Mapping!$J$15+AQ18/AQ$6*Mapping!$J$16+AR18/AR$6*Mapping!$J$17+AS18/AS$6*Mapping!$J$18+AT18/AT$6*Mapping!$J$19+AU18/AU$6*Mapping!$J$20+AV18/AV$6*Mapping!$J$21+AW18/AW$6*Mapping!$J$22+AX18/AX$6*Mapping!$J$23)/SUM(Mapping!$J$15:$J$23),"") | BL18: =IFERROR((AP18/AP$6*Mapping!$K$15+AQ18/AQ$6*Mapping!$K$16+AR18/AR$6*Mapping!$K$17+AS18/AS$6*Mapping!$K$18+AT18/AT$6*Mapping!$K$19+AU18/AU$6*Mapping!$K$20+AV18/AV$6*Mapping!$K$21+AW18/AW$6*Mapping!$K$22+AX18/AX$6*Mapping!$K$23)/SUM(Mapping!$K$15:$K$23),"") | BM18: =IFERROR((AP18/AP$6*Mapping!$L$15+AQ18/AQ$6*Mapping!$L$16+AR18/AR$6*Mapping!$L$17+AS18/AS$6*Mapping!$L$18+AT18/AT$6*Mapping!$L$19+AU18/AU$6*Mapping!$L$20+AV18/AV$6*Mapping!$L$21+AW18/AW$6*Mapping!$L$22+AX18/AX$6*Mapping!$L$23)/SUM(Mapping!$L$15:$L$23),"") | BN18: =IFERROR((AP18/AP$6*Mapping!$M$15+AQ18/AQ$6*Mapping!$M$16+AR18/AR$6*Mapping!$M$17+AS18/AS$6*Mapping!$M$18+AT18/AT$6*Mapping!$M$19+AU18/AU$6*Mapping!$M$20+AV18/AV$6*Mapping!$M$21+AW18/AW$6*Mapping!$M$22+AX18/AX$6*Mapping!$M$23)/SUM(Mapping!$M$15:$M$23),"") | BO18: =IFERROR((AP18/AP$6*Mapping!$N$15+AQ18/AQ$6*Mapping!$N$16+AR18/AR$6*Mapping!$N$17+AS18/AS$6*Mapping!$N$18+AT18/AT$6*Mapping!$N$19+AU18/AU$6*Mapping!$N$20+AV18/AV$6*Mapping!$N$21+AW18/AW$6*Mapping!$N$22+AX18/AX$6*Mapping!$N$23)/SUM(Mapping!$N$15:$N$23),"") | BP18: =IFERROR((AP18/AP$6*Mapping!$O$15+AQ18/AQ$6*Mapping!$O$16+AR18/AR$6*Mapping!$O$17+AS18/AS$6*Mapping!$O$18+AT18/AT$6*Mapping!$O$19+AU18/AU$6*Mapping!$O$20+AV18/AV$6*Mapping!$O$21+AW18/AW$6*Mapping!$O$22+AX18/AX$6*Mapping!$O$23)/SUM(Mapping!$O$15:$O$23),"") | BQ18: =IFERROR((AP18/AP$6*Mapping!$P$15+AQ18/AQ$6*Mapping!$P$16+AR18/AR$6*Mapping!$P$17+AS18/AS$6*Mapping!$P$18+AT18/AT$6*Mapping!$P$19+AU18/AU$6*Mapping!$P$20+AV18/AV$6*Mapping!$P$21+AW18/AW$6*Mapping!$P$22+AX18/AX$6*Mapping!$P$23)/SUM(Mapping!$P$15:$P$23),"") | BR18: =IF(BA18="","",BA18+N(AS18)/10000)
... A26: 20 | B26: 3rd Sem - B | AP26: =IF(COUNT(I26,T26,AE26)=0,"",AVERAGE(I26,T26,AE26)) | AQ26: =IF(COUNT(J26,U26,AF26)=0,"",AVERAGE(J26,U26,AF26)) | AR26: =IF(COUNT(K26,V26,AG26)=0,"",AVERAGE(K26,V26,AG26)) | AS26: =IF(COUNT(L26,W26,AH26)=0,"",AVERAGE(L26,W26,AH26)) | AT26: =IF(COUNT(M26,X26,AI26)=0,"",AVERAGE(M26,X26,AI26)) | AU26: =IF(COUNT(N26,Y26,AJ26)=0,"",AVERAGE(N26,Y26,AJ26)) | AV26: =IF(COUNT(O26,Z26,AK26)=0,"",AVERAGE(O26,Z26,AK26)) | AW26: =IF(COUNT(P26,AA26,AL26)=0,"",AVERAGE(P26,AA26,AL26)) | AX26: =IF(COUNT(Q26,AB26,AM26)=0,"",AVERAGE(Q26,AB26,AM26)) | AY26: =IF(OR($F26="",COUNT(R26,AC26,AN26)=0),"",AVERAGE(R26,AC26,AN26)) | AZ26: =IF(OR($G26="",$G26=$F26,COUNT(S26,AD26,AO26)=0),"",AVERAGE(S26,AD26,AO26)) | BA26: =IF(COUNT(AP26:AX26)=0,"",SUM(AP26:AX26)) | BB26: =IF(BA26="","",BA26/BA$6) | BC26: =IF(BR26="","",COUNTIF($BR$7:$BR$26,">"&BR26)+COUNTIF($BR$7:BR26,BR26)) | BD26: =IF(BC26="","",IF(BC26<=Mapping!$C$11,"Shortlisted","Not shortlisted")) | BE26: =IFERROR((AP26/AP$6*Mapping!$D$15+AQ26/AQ$6*Mapping!$D$16+AR26/AR$6*Mapping!$D$17+AS26/AS$6*Mapping!$D$18+AT26/AT$6*Mapping!$D$19+AU26/AU$6*Mapping!$D$20+AV26/AV$6*Mapping!$D$21+AW26/AW$6*Mapping!$D$22+AX26/AX$6*Mapping!$D$23)/SUM(Mapping!$D$15:$D$23),"") | BF26: =IFERROR((AP26/AP$6*Mapping!$E$15+AQ26/AQ$6*Mapping!$E$16+AR26/AR$6*Mapping!$E$17+AS26/AS$6*Mapping!$E$18+AT26/AT$6*Mapping!$E$19+AU26/AU$6*Mapping!$E$20+AV26/AV$6*Mapping!$E$21+AW26/AW$6*Mapping!$E$22+AX26/AX$6*Mapping!$E$23)/SUM(Mapping!$E$15:$E$23),"") | BG26: =IFERROR((AP26/AP$6*Mapping!$F$15+AQ26/AQ$6*Mapping!$F$16+AR26/AR$6*Mapping!$F$17+AS26/AS$6*Mapping!$F$18+AT26/AT$6*Mapping!$F$19+AU26/AU$6*Mapping!$F$20+AV26/AV$6*Mapping!$F$21+AW26/AW$6*Mapping!$F$22+AX26/AX$6*Mapping!$F$23)/SUM(Mapping!$F$15:$F$23),"") | BH26: =IFERROR((AP26/AP$6*Mapping!$G$15+AQ26/AQ$6*Mapping!$G$16+AR26/AR$6*Mapping!$G$17+AS26/AS$6*Mapping!$G$18+AT26/AT$6*Mapping!$G$19+AU26/AU$6*Mapping!$G$20+AV26/AV$6*Mapping!$G$21+AW26/AW$6*Mapping!$G$22+AX26/AX$6*Mapping!$G$23)/SUM(Mapping!$G$15:$G$23),"") | BI26: =IFERROR((AP26/AP$6*Mapping!$H$15+AQ26/AQ$6*Mapping!$H$16+AR26/AR$6*Mapping!$H$17+AS26/AS$6*Mapping!$H$18+AT26/AT$6*Mapping!$H$19+AU26/AU$6*Mapping!$H$20+AV26/AV$6*Mapping!$H$21+AW26/AW$6*Mapping!$H$22+AX26/AX$6*Mapping!$H$23)/SUM(Mapping!$H$15:$H$23),"") | BJ26: =IFERROR((AP26/AP$6*Mapping!$I$15+AQ26/AQ$6*Mapping!$I$16+AR26/AR$6*Mapping!$I$17+AS26/AS$6*Mapping!$I$18+AT26/AT$6*Mapping!$I$19+AU26/AU$6*Mapping!$I$20+AV26/AV$6*Mapping!$I$21+AW26/AW$6*Mapping!$I$22+AX26/AX$6*Mapping!$I$23)/SUM(Mapping!$I$15:$I$23),"") | BK26: =IFERROR((AP26/AP$6*Mapping!$J$15+AQ26/AQ$6*Mapping!$J$16+AR26/AR$6*Mapping!$J$17+AS26/AS$6*Mapping!$J$18+AT26/AT$6*Mapping!$J$19+AU26/AU$6*Mapping!$J$20+AV26/AV$6*Mapping!$J$21+AW26/AW$6*Mapping!$J$22+AX26/AX$6*Mapping!$J$23)/SUM(Mapping!$J$15:$J$23),"") | BL26: =IFERROR((AP26/AP$6*Mapping!$K$15+AQ26/AQ$6*Mapping!$K$16+AR26/AR$6*Mapping!$K$17+AS26/AS$6*Mapping!$K$18+AT26/AT$6*Mapping!$K$19+AU26/AU$6*Mapping!$K$20+AV26/AV$6*Mapping!$K$21+AW26/AW$6*Mapping!$K$22+AX26/AX$6*Mapping!$K$23)/SUM(Mapping!$K$15:$K$23),"") | BM26: =IFERROR((AP26/AP$6*Mapping!$L$15+AQ26/AQ$6*Mapping!$L$16+AR26/AR$6*Mapping!$L$17+AS26/AS$6*Mapping!$L$18+AT26/AT$6*Mapping!$L$19+AU26/AU$6*Mapping!$L$20+AV26/AV$6*Mapping!$L$21+AW26/AW$6*Mapping!$L$22+AX26/AX$6*Mapping!$L$23)/SUM(Mapping!$L$15:$L$23),"") | BN26: =IFERROR((AP26/AP$6*Mapping!$M$15+AQ26/AQ$6*Mapping!$M$16+AR26/AR$6*Mapping!$M$17+AS26/AS$6*Mapping!$M$18+AT26/AT$6*Mapping!$M$19+AU26/AU$6*Mapping!$M$20+AV26/AV$6*Mapping!$M$21+AW26/AW$6*Mapping!$M$22+AX26/AX$6*Mapping!$M$23)/SUM(Mapping!$M$15:$M$23),"") | BO26: =IFERROR((AP26/AP$6*Mapping!$N$15+AQ26/AQ$6*Mapping!$N$16+AR26/AR$6*Mapping!$N$17+AS26/AS$6*Mapping!$N$18+AT26/AT$6*Mapping!$N$19+AU26/AU$6*Mapping!$N$20+AV26/AV$6*Mapping!$N$21+AW26/AW$6*Mapping!$N$22+AX26/AX$6*Mapping!$N$23)/SUM(Mapping!$N$15:$N$23),"") | BP26: =IFERROR((AP26/AP$6*Mapping!$O$15+AQ26/AQ$6*Mapping!$O$16+AR26/AR$6*Mapping!$O$17+AS26/AS$6*Mapping!$O$18+AT26/AT$6*Mapping!$O$19+AU26/AU$6*Mapping!$O$20+AV26/AV$6*Mapping!$O$21+AW26/AW$6*Mapping!$O$22+AX26/AX$6*Mapping!$O$23)/SUM(Mapping!$O$15:$O$23),"") | BQ26: =IFERROR((AP26/AP$6*Mapping!$P$15+AQ26/AQ$6*Mapping!$P$16+AR26/AR$6*Mapping!$P$17+AS26/AS$6*Mapping!$P$18+AT26/AT$6*Mapping!$P$19+AU26/AU$6*Mapping!$P$20+AV26/AV$6*Mapping!$P$21+AW26/AW$6*Mapping!$P$22+AX26/AX$6*Mapping!$P$23)/SUM(Mapping!$P$15:$P$23),"") | BR26: =IF(BA26="","",BA26+N(AS26)/10000)
D28: Average score (marks) | AP28: =IFERROR(AVERAGE(AP$7:AP$26),"") | AQ28: =IFERROR(AVERAGE(AQ$7:AQ$26),"") | AR28: =IFERROR(AVERAGE(AR$7:AR$26),"") | AS28: =IFERROR(AVERAGE(AS$7:AS$26),"") | AT28: =IFERROR(AVERAGE(AT$7:AT$26),"") | AU28: =IFERROR(AVERAGE(AU$7:AU$26),"") | AV28: =IFERROR(AVERAGE(AV$7:AV$26),"") | AW28: =IFERROR(AVERAGE(AW$7:AW$26),"") | ... BA28: =IFERROR(AVERAGE(BA$7:BA$26),"")
D29: Average score (% of max) | AP29: =IFERROR(AP28/AP$6,"") | AQ29: =IFERROR(AQ28/AQ$6,"") | AR29: =IFERROR(AR28/AR$6,"") | AS29: =IFERROR(AS28/AS$6,"") | AT29: =IFERROR(AT28/AT$6,"") | AU29: =IFERROR(AU28/AU$6,"") | AV29: =IFERROR(AV28/AV$6,"") | AW29: =IFERROR(AW28/AW$6,"") | AX29: =IFERROR(AX28/AX$6,"") | BA29: =IFERROR(BA28/BA$6,"")
D30: Average attainment (%) | BE30: =IFERROR(AVERAGE(BE$7:BE$26),"") | BF30: =IFERROR(AVERAGE(BF$7:BF$26),"") | BG30: =IFERROR(AVERAGE(BG$7:BG$26),"") | BH30: =IFERROR(AVERAGE(BH$7:BH$26),"") | BI30: =IFERROR(AVERAGE(BI$7:BI$26),"") | BJ30: =IFERROR(AVERAGE(BJ$7:BJ$26),"") | BK30: =IFERROR(AVERAGE(BK$7:BK$26),"") | BL30: =IFERROR(AVERAGE(BL$7:BL$26),"") | ... BQ30: =IFERROR(AVERAGE(BQ$7:BQ$26),"")
D31: % of teams at/above target | BE31: =IFERROR(COUNTIF(BE$7:BE$26,">="&Mapping!$C$7)/COUNT(BE$7:BE$26),"") | BF31: =IFERROR(COUNTIF(BF$7:BF$26,">="&Mapping!$C$7)/COUNT(BF$7:BF$26),"") | BG31: =IFERROR(COUNTIF(BG$7:BG$26,">="&Mapping!$C$7)/COUNT(BG$7:BG$26),"") | BH31: =IFERROR(COUNTIF(BH$7:BH$26,">="&Mapping!$C$7)/COUNT(BH$7:BH$26),"") | BI31: =IFERROR(COUNTIF(BI$7:BI$26,">="&Mapping!$C$7)/COUNT(BI$7:BI$26),"") | BJ31: =IFERROR(COUNTIF(BJ$7:BJ$26,">="&Mapping!$C$7)/COUNT(BJ$7:BJ$26),"") | BK31: =IFERROR(COUNTIF(BK$7:BK$26,">="&Mapping!$C$7)/COUNT(BK$7:BK$26),"") | BL31: =IFERROR(COUNTIF(BL$7:BL$26,">="&Mapping!$C$7)/COUNT(BL$7:BL$26),"") | ... BQ31: =IFERROR(COUNTIF(BQ$7:BQ$26,">="&Mapping!$C$7)/COUNT(BQ$7:BQ$26),"")
D32: Attainment level (0–3) | BE32: =IF(BE31="","",IF(BE31>=Mapping!$C$8,3,IF(BE31>=Mapping!$C$9,2,IF(BE31>=Mapping!$C$10,1,0)))) | BF32: =IF(BF31="","",IF(BF31>=Mapping!$C$8,3,IF(BF31>=Mapping!$C$9,2,IF(BF31>=Mapping!$C$10,1,0)))) | BG32: =IF(BG31="","",IF(BG31>=Mapping!$C$8,3,IF(BG31>=Mapping!$C$9,2,IF(BG31>=Mapping!$C$10,1,0)))) | BH32: =IF(BH31="","",IF(BH31>=Mapping!$C$8,3,IF(BH31>=Mapping!$C$9,2,IF(BH31>=Mapping!$C$10,1,0)))) | BI32: =IF(BI31="","",IF(BI31>=Mapping!$C$8,3,IF(BI31>=Mapping!$C$9,2,IF(BI31>=Mapping!$C$10,1,0)))) | BJ32: =IF(BJ31="","",IF(BJ31>=Mapping!$C$8,3,IF(BJ31>=Mapping!$C$9,2,IF(BJ31>=Mapping!$C$10,1,0)))) | BK32: =IF(BK31="","",IF(BK31>=Mapping!$C$8,3,IF(BK31>=Mapping!$C$9,2,IF(BK31>=Mapping!$C$10,1,0)))) | BL32: =IF(BL31="","",IF(BL31>=Mapping!$C$8,3,IF(BL31>=Mapping!$C$9,2,IF(BL31>=Mapping!$C$10,1,0)))) | ... BQ32: =IF(BQ31="","",IF(BQ31>=Mapping!$C$8,3,IF(BQ31>=Mapping!$C$9,2,IF(BQ31>=Mapping!$C$10,1,0))))
D33: Teams evaluated | E33: =COUNT(BA$7:BA$26)
D34: SDG attainment: average contribution strength (0–3) | E34: =IFERROR((SUM(AY$7:AY$26)+SUM(AZ$7:AZ$26))/(COUNT(AY$7:AY$26)+COUNT(AZ$7:AZ$26)),"")
D35: SDG: % of rated team–SDG pairs at/above target strength | E35: =IFERROR((COUNTIF(AY$7:AY$26,">="&Mapping!$C$12)+COUNTIF(AZ$7:AZ$26,">="&Mapping!$C$12))/(COUNT(AY$7:AY$26)+COUNT(AZ$7:AZ$26)),"")
D36: SDG: team–SDG pairs rated | E36: =COUNT(AY$7:AY$26)+COUNT(AZ$7:AZ$26)
D37: SDG: team–SDG pairs claimed | E37: =COUNTIF($F$7:$F$26,"?*")+SUMPRODUCT(--($G$7:$G$26<>""),--($G$7:$G$26<>$F$7:$F$26))
D39: SDG goal-wise attainment (from contribution-strength ratings)
D40: Sustainable Development Goal | E40: Solutions (teams claiming the goal) | F40: Solutions rated | G40: Avg contribution strength (0–3) | H40: % rated at/above target strength
D41: ='SDG List'!A2 | E41: =COUNTIF($F$7:$F$26,$D41)+COUNTIF($G$7:$G$26,$D41)-COUNTIFS($F$7:$F$26,$D41,$G$7:$G$26,$D41) | F41: =COUNTIFS($F$7:$F$26,$D41,AY$7:AY$26,">=0")+COUNTIFS($G$7:$G$26,$D41,AZ$7:AZ$26,">=0") | G41: =IFERROR((SUMIF($F$7:$F$26,$D41,AY$7:AY$26)+SUMIF($G$7:$G$26,$D41,AZ$7:AZ$26))/F41,"") | H41: =IFERROR((COUNTIFS($F$7:$F$26,$D41,AY$7:AY$26,">="&Mapping!$C$12)+COUNTIFS($G$7:$G$26,$D41,AZ$7:AZ$26,">="&Mapping!$C$12))/F41,"")
D42: ='SDG List'!A3 | E42: =COUNTIF($F$7:$F$26,$D42)+COUNTIF($G$7:$G$26,$D42)-COUNTIFS($F$7:$F$26,$D42,$G$7:$G$26,$D42) | F42: =COUNTIFS($F$7:$F$26,$D42,AY$7:AY$26,">=0")+COUNTIFS($G$7:$G$26,$D42,AZ$7:AZ$26,">=0") | G42: =IFERROR((SUMIF($F$7:$F$26,$D42,AY$7:AY$26)+SUMIF($G$7:$G$26,$D42,AZ$7:AZ$26))/F42,"") | H42: =IFERROR((COUNTIFS($F$7:$F$26,$D42,AY$7:AY$26,">="&Mapping!$C$12)+COUNTIFS($G$7:$G$26,$D42,AZ$7:AZ$26,">="&Mapping!$C$12))/F42,"")
D43: ='SDG List'!A4 | E43: =COUNTIF($F$7:$F$26,$D43)+COUNTIF($G$7:$G$26,$D43)-COUNTIFS($F$7:$F$26,$D43,$G$7:$G$26,$D43) | F43: =COUNTIFS($F$7:$F$26,$D43,AY$7:AY$26,">=0")+COUNTIFS($G$7:$G$26,$D43,AZ$7:AZ$26,">=0") | G43: =IFERROR((SUMIF($F$7:$F$26,$D43,AY$7:AY$26)+SUMIF($G$7:$G$26,$D43,AZ$7:AZ$26))/F43,"") | H43: =IFERROR((COUNTIFS($F$7:$F$26,$D43,AY$7:AY$26,">="&Mapping!$C$12)+COUNTIFS($G$7:$G$26,$D43,AZ$7:AZ$26,">="&Mapping!$C$12))/F43,"")
D44: ='SDG List'!A5 | E44: =COUNTIF($F$7:$F$26,$D44)+COUNTIF($G$7:$G$26,$D44)-COUNTIFS($F$7:$F$26,$D44,$G$7:$G$26,$D44) | F44: =COUNTIFS($F$7:$F$26,$D44,AY$7:AY$26,">=0")+COUNTIFS($G$7:$G$26,$D44,AZ$7:AZ$26,">=0") | G44: =IFERROR((SUMIF($F$7:$F$26,$D44,AY$7:AY$26)+SUMIF($G$7:$G$26,$D44,AZ$7:AZ$26))/F44,"") | H44: =IFERROR((COUNTIFS($F$7:$F$26,$D44,AY$7:AY$26,">="&Mapping!$C$12)+COUNTIFS($G$7:$G$26,$D44,AZ$7:AZ$26,">="&Mapping!$C$12))/F44,"")
D45: ='SDG List'!A6 | E45: =COUNTIF($F$7:$F$26,$D45)+COUNTIF($G$7:$G$26,$D45)-COUNTIFS($F$7:$F$26,$D45,$G$7:$G$26,$D45) | F45: =COUNTIFS($F$7:$F$26,$D45,AY$7:AY$26,">=0")+COUNTIFS($G$7:$G$26,$D45,AZ$7:AZ$26,">=0") | G45: =IFERROR((SUMIF($F$7:$F$26,$D45,AY$7:AY$26)+SUMIF($G$7:$G$26,$D45,AZ$7:AZ$26))/F45,"") | H45: =IFERROR((COUNTIFS($F$7:$F$26,$D45,AY$7:AY$26,">="&Mapping!$C$12)+COUNTIFS($G$7:$G$26,$D45,AZ$7:AZ$26,">="&Mapping!$C$12))/F45,"")
D46: ='SDG List'!A7 | E46: =COUNTIF($F$7:$F$26,$D46)+COUNTIF($G$7:$G$26,$D46)-COUNTIFS($F$7:$F$26,$D46,$G$7:$G$26,$D46) | F46: =COUNTIFS($F$7:$F$26,$D46,AY$7:AY$26,">=0")+COUNTIFS($G$7:$G$26,$D46,AZ$7:AZ$26,">=0") | G46: =IFERROR((SUMIF($F$7:$F$26,$D46,AY$7:AY$26)+SUMIF($G$7:$G$26,$D46,AZ$7:AZ$26))/F46,"") | H46: =IFERROR((COUNTIFS($F$7:$F$26,$D46,AY$7:AY$26,">="&Mapping!$C$12)+COUNTIFS($G$7:$G$26,$D46,AZ$7:AZ$26,">="&Mapping!$C$12))/F46,"")
D47: ='SDG List'!A8 | E47: =COUNTIF($F$7:$F$26,$D47)+COUNTIF($G$7:$G$26,$D47)-COUNTIFS($F$7:$F$26,$D47,$G$7:$G$26,$D47) | F47: =COUNTIFS($F$7:$F$26,$D47,AY$7:AY$26,">=0")+COUNTIFS($G$7:$G$26,$D47,AZ$7:AZ$26,">=0") | G47: =IFERROR((SUMIF($F$7:$F$26,$D47,AY$7:AY$26)+SUMIF($G$7:$G$26,$D47,AZ$7:AZ$26))/F47,"") | H47: =IFERROR((COUNTIFS($F$7:$F$26,$D47,AY$7:AY$26,">="&Mapping!$C$12)+COUNTIFS($G$7:$G$26,$D47,AZ$7:AZ$26,">="&Mapping!$C$12))/F47,"")
D48: ='SDG List'!A9 | E48: =COUNTIF($F$7:$F$26,$D48)+COUNTIF($G$7:$G$26,$D48)-COUNTIFS($F$7:$F$26,$D48,$G$7:$G$26,$D48) | F48: =COUNTIFS($F$7:$F$26,$D48,AY$7:AY$26,">=0")+COUNTIFS($G$7:$G$26,$D48,AZ$7:AZ$26,">=0") | G48: =IFERROR((SUMIF($F$7:$F$26,$D48,AY$7:AY$26)+SUMIF($G$7:$G$26,$D48,AZ$7:AZ$26))/F48,"") | H48: =IFERROR((COUNTIFS($F$7:$F$26,$D48,AY$7:AY$26,">="&Mapping!$C$12)+COUNTIFS($G$7:$G$26,$D48,AZ$7:AZ$26,">="&Mapping!$C$12))/F48,"")
D49: ='SDG List'!A10 | E49: =COUNTIF($F$7:$F$26,$D49)+COUNTIF($G$7:$G$26,$D49)-COUNTIFS($F$7:$F$26,$D49,$G$7:$G$26,$D49) | F49: =COUNTIFS($F$7:$F$26,$D49,AY$7:AY$26,">=0")+COUNTIFS($G$7:$G$26,$D49,AZ$7:AZ$26,">=0") | G49: =IFERROR((SUMIF($F$7:$F$26,$D49,AY$7:AY$26)+SUMIF($G$7:$G$26,$D49,AZ$7:AZ$26))/F49,"") | H49: =IFERROR((COUNTIFS($F$7:$F$26,$D49,AY$7:AY$26,">="&Mapping!$C$12)+COUNTIFS($G$7:$G$26,$D49,AZ$7:AZ$26,">="&Mapping!$C$12))/F49,"")
D50: ='SDG List'!A11 | E50: =COUNTIF($F$7:$F$26,$D50)+COUNTIF($G$7:$G$26,$D50)-COUNTIFS($F$7:$F$26,$D50,$G$7:$G$26,$D50) | F50: =COUNTIFS($F$7:$F$26,$D50,AY$7:AY$26,">=0")+COUNTIFS($G$7:$G$26,$D50,AZ$7:AZ$26,">=0") | G50: =IFERROR((SUMIF($F$7:$F$26,$D50,AY$7:AY$26)+SUMIF($G$7:$G$26,$D50,AZ$7:AZ$26))/F50,"") | H50: =IFERROR((COUNTIFS($F$7:$F$26,$D50,AY$7:AY$26,">="&Mapping!$C$12)+COUNTIFS($G$7:$G$26,$D50,AZ$7:AZ$26,">="&Mapping!$C$12))/F50,"")
D51: ='SDG List'!A12 | E51: =COUNTIF($F$7:$F$26,$D51)+COUNTIF($G$7:$G$26,$D51)-COUNTIFS($F$7:$F$26,$D51,$G$7:$G$26,$D51) | F51: =COUNTIFS($F$7:$F$26,$D51,AY$7:AY$26,">=0")+COUNTIFS($G$7:$G$26,$D51,AZ$7:AZ$26,">=0") | G51: =IFERROR((SUMIF($F$7:$F$26,$D51,AY$7:AY$26)+SUMIF($G$7:$G$26,$D51,AZ$7:AZ$26))/F51,"") | H51: =IFERROR((COUNTIFS($F$7:$F$26,$D51,AY$7:AY$26,">="&Mapping!$C$12)+COUNTIFS($G$7:$G$26,$D51,AZ$7:AZ$26,">="&Mapping!$C$12))/F51,"")
D52: ='SDG List'!A13 | E52: =COUNTIF($F$7:$F$26,$D52)+COUNTIF($G$7:$G$26,$D52)-COUNTIFS($F$7:$F$26,$D52,$G$7:$G$26,$D52) | F52: =COUNTIFS($F$7:$F$26,$D52,AY$7:AY$26,">=0")+COUNTIFS($G$7:$G$26,$D52,AZ$7:AZ$26,">=0") | G52: =IFERROR((SUMIF($F$7:$F$26,$D52,AY$7:AY$26)+SUMIF($G$7:$G$26,$D52,AZ$7:AZ$26))/F52,"") | H52: =IFERROR((COUNTIFS($F$7:$F$26,$D52,AY$7:AY$26,">="&Mapping!$C$12)+COUNTIFS($G$7:$G$26,$D52,AZ$7:AZ$26,">="&Mapping!$C$12))/F52,"")
... D57: ='SDG List'!A18 | E57: =COUNTIF($F$7:$F$26,$D57)+COUNTIF($G$7:$G$26,$D57)-COUNTIFS($F$7:$F$26,$D57,$G$7:$G$26,$D57) | F57: =COUNTIFS($F$7:$F$26,$D57,AY$7:AY$26,">=0")+COUNTIFS($G$7:$G$26,$D57,AZ$7:AZ$26,">=0") | G57: =IFERROR((SUMIF($F$7:$F$26,$D57,AY$7:AY$26)+SUMIF($G$7:$G$26,$D57,AZ$7:AZ$26))/F57,"") | H57: =IFERROR((COUNTIFS($F$7:$F$26,$D57,AY$7:AY$26,">="&Mapping!$C$12)+COUNTIFS($G$7:$G$26,$D57,AZ$7:AZ$26,">="&Mapping!$C$12))/F57,"")

Sheet 3 Inter
A1: =Mapping!$C$3&" — 3rd Semester — Inter-Section Hackathon (Finals)" | AP1: =Mapping!$C$4&" | Dept. of "&Mapping!$C$5&" | AY "&Mapping!$C$6
A2: Date: | D2: Venue / Coordinator: | AP2: ="PO/PSO target per team: "&TEXT(Mapping!$C$7,"0%")&" | SDG reached at strength ≥ "&Mapping!$C$12&" | Shortlist: top "&Mapping!$C$11
D3: Evaluator names → | I3: Evaluator 1: | T3: Evaluator 2: | AE3: Evaluator 3:
A4: Team Details (Coordinator) — auto-filled from section shortlists | I4: Evaluator 1 — rubric marks, then SDG contribution strength (0–3) | T4: Evaluator 2 — rubric marks, then SDG contribution strength (0–3) | AE4: Evaluator 3 — rubric marks, then SDG contribution strength (0–3) | AP4: Consolidated rubric score (average of evaluators) | AY4: SDG strength (avg, 0–3) | BA4: Result | BE4: Programme Outcome attainment per team (%) | BP4: PSO attainment (%)
A5: S.No | B5: Section | C5: Team ID | D5: Team Name | E5: Team Members (USN / Name) | F5: Primary SDG | G5: Secondary SDG (optional) | H5: Problem Statement / Project Title | I5: =Rubric!C4 | J5: =Rubric!C5 | K5: =Rubric!C6 | L5: =Rubric!C7 | M5: =Rubric!C8 | N5: =Rubric!C9 | O5: =Rubric!C10 | P5: =Rubric!C11 | Q5: =Rubric!C12 | R5: Primary SDG strength | S5: Secondary SDG strength | T5: =Rubric!C4 | U5: =Rubric!C5 | V5: =Rubric!C6 | W5: =Rubric!C7 | X5: =Rubric!C8 | Y5: =Rubric!C9 | Z5: =Rubric!C10 | AA5: =Rubric!C11 | AB5: =Rubric!C12 | AC5: Primary SDG strength | AD5: Secondary SDG strength | AE5: =Rubric!C4 | AF5: =Rubric!C5 | AG5: =Rubric!C6 | AH5: =Rubric!C7 | AI5: =Rubric!C8 | AJ5: =Rubric!C9 | AK5: =Rubric!C10 | AL5: =Rubric!C11 | AM5: =Rubric!C12 | AN5: Primary SDG strength | AO5: Secondary SDG strength | AP5: =Rubric!C4 | AQ5: =Rubric!C5 | AR5: =Rubric!C6 | AS5: =Rubric!C7 | AT5: =Rubric!C8 | AU5: =Rubric!C9 | AV5: =Rubric!C10 | AW5: =Rubric!C11 | AX5: =Rubric!C12 | AY5: Primary SDG strength | AZ5: Secondary SDG strength | BA5: Total | BB5: Score % | BC5: Rank | BD5: Status | BE5: PO1 | BF5: PO2 | BG5: PO3 | BH5: PO4 | BI5: PO5 | BJ5: PO6 | BK5: PO7 | BL5: PO8 | BM5: PO9 | BN5: PO10 | BO5: PO11 | BP5: PSO1 | BQ5: PSO2
I6: =Rubric!D4 | J6: =Rubric!D5 | K6: =Rubric!D6 | L6: =Rubric!D7 | M6: =Rubric!D8 | N6: =Rubric!D9 | O6: =Rubric!D10 | P6: =Rubric!D11 | Q6: =Rubric!D12 | R6: 0–3 | S6: 0–3 | T6: =Rubric!D4 | U6: =Rubric!D5 | V6: =Rubric!D6 | W6: =Rubric!D7 | X6: =Rubric!D8 | Y6: =Rubric!D9 | Z6: =Rubric!D10 | AA6: =Rubric!D11 | AB6: =Rubric!D12 | AC6: 0–3 | AD6: 0–3 | AE6: =Rubric!D4 | AF6: =Rubric!D5 | AG6: =Rubric!D6 | AH6: =Rubric!D7 | AI6: =Rubric!D8 | AJ6: =Rubric!D9 | AK6: =Rubric!D10 | AL6: =Rubric!D11 | AM6: =Rubric!D12 | AN6: 0–3 | AO6: 0–3 | AP6: =Rubric!D4 | AQ6: =Rubric!D5 | AR6: =Rubric!D6 | AS6: =Rubric!D7 | AT6: =Rubric!D8 | AU6: =Rubric!D9 | AV6: =Rubric!D10 | AW6: =Rubric!D11 | AX6: =Rubric!D12 | AY6: 0–3 | AZ6: 0–3 | BA6: =Rubric!$D$13 | BE6: % | BF6: % | BG6: % | BH6: % | BI6: % | BJ6: % | BK6: % | BL6: % | BM6: % | BN6: % | BO6: % | BP6: % | BQ6: %
A7: 1 | B7: 3rd Sem - A | C7: =IFERROR(INDEX('3A Intra'!$C$7:$C$26,MATCH(1,'3A Intra'!$BC$7:$BC$26,0))&"","") | D7: =IFERROR(INDEX('3A Intra'!$D$7:$D$26,MATCH(1,'3A Intra'!$BC$7:$BC$26,0))&"","") | E7: =IFERROR(INDEX('3A Intra'!$E$7:$E$26,MATCH(1,'3A Intra'!$BC$7:$BC$26,0))&"","") | F7: =IFERROR(INDEX('3A Intra'!$F$7:$F$26,MATCH(1,'3A Intra'!$BC$7:$BC$26,0))&"","") | G7: =IFERROR(INDEX('3A Intra'!$G$7:$G$26,MATCH(1,'3A Intra'!$BC$7:$BC$26,0))&"","") | H7: =IFERROR(INDEX('3A Intra'!$H$7:$H$26,MATCH(1,'3A Intra'!$BC$7:$BC$26,0))&"","") | AP7: =IF(COUNT(I7,T7,AE7)=0,"",AVERAGE(I7,T7,AE7)) | AQ7: =IF(COUNT(J7,U7,AF7)=0,"",AVERAGE(J7,U7,AF7)) | AR7: =IF(COUNT(K7,V7,AG7)=0,"",AVERAGE(K7,V7,AG7)) | AS7: =IF(COUNT(L7,W7,AH7)=0,"",AVERAGE(L7,W7,AH7)) | AT7: =IF(COUNT(M7,X7,AI7)=0,"",AVERAGE(M7,X7,AI7)) | AU7: =IF(COUNT(N7,Y7,AJ7)=0,"",AVERAGE(N7,Y7,AJ7)) | AV7: =IF(COUNT(O7,Z7,AK7)=0,"",AVERAGE(O7,Z7,AK7)) | AW7: =IF(COUNT(P7,AA7,AL7)=0,"",AVERAGE(P7,AA7,AL7)) | AX7: =IF(COUNT(Q7,AB7,AM7)=0,"",AVERAGE(Q7,AB7,AM7)) | AY7: =IF(OR($F7="",COUNT(R7,AC7,AN7)=0),"",AVERAGE(R7,AC7,AN7)) | AZ7: =IF(OR($G7="",$G7=$F7,COUNT(S7,AD7,AO7)=0),"",AVERAGE(S7,AD7,AO7)) | BA7: =IF(COUNT(AP7:AX7)=0,"",SUM(AP7:AX7)) | BB7: =IF(BA7="","",BA7/BA$6) | BC7: =IF(BR7="","",COUNTIF($BR$7:$BR$16,">"&BR7)+COUNTIF($BR$7:BR7,BR7)) | BD7: =IF(BC7="","",IF(BC7<=Mapping!$C$11,"Shortlisted","Not shortlisted")) | BE7: =IFERROR((AP7/AP$6*Mapping!$D$15+AQ7/AQ$6*Mapping!$D$16+AR7/AR$6*Mapping!$D$17+AS7/AS$6*Mapping!$D$18+AT7/AT$6*Mapping!$D$19+AU7/AU$6*Mapping!$D$20+AV7/AV$6*Mapping!$D$21+AW7/AW$6*Mapping!$D$22+AX7/AX$6*Mapping!$D$23)/SUM(Mapping!$D$15:$D$23),"") | BF7: =IFERROR((AP7/AP$6*Mapping!$E$15+AQ7/AQ$6*Mapping!$E$16+AR7/AR$6*Mapping!$E$17+AS7/AS$6*Mapping!$E$18+AT7/AT$6*Mapping!$E$19+AU7/AU$6*Mapping!$E$20+AV7/AV$6*Mapping!$E$21+AW7/AW$6*Mapping!$E$22+AX7/AX$6*Mapping!$E$23)/SUM(Mapping!$E$15:$E$23),"") | BG7: =IFERROR((AP7/AP$6*Mapping!$F$15+AQ7/AQ$6*Mapping!$F$16+AR7/AR$6*Mapping!$F$17+AS7/AS$6*Mapping!$F$18+AT7/AT$6*Mapping!$F$19+AU7/AU$6*Mapping!$F$20+AV7/AV$6*Mapping!$F$21+AW7/AW$6*Mapping!$F$22+AX7/AX$6*Mapping!$F$23)/SUM(Mapping!$F$15:$F$23),"") | BH7: =IFERROR((AP7/AP$6*Mapping!$G$15+AQ7/AQ$6*Mapping!$G$16+AR7/AR$6*Mapping!$G$17+AS7/AS$6*Mapping!$G$18+AT7/AT$6*Mapping!$G$19+AU7/AU$6*Mapping!$G$20+AV7/AV$6*Mapping!$G$21+AW7/AW$6*Mapping!$G$22+AX7/AX$6*Mapping!$G$23)/SUM(Mapping!$G$15:$G$23),"") | BI7: =IFERROR((AP7/AP$6*Mapping!$H$15+AQ7/AQ$6*Mapping!$H$16+AR7/AR$6*Mapping!$H$17+AS7/AS$6*Mapping!$H$18+AT7/AT$6*Mapping!$H$19+AU7/AU$6*Mapping!$H$20+AV7/AV$6*Mapping!$H$21+AW7/AW$6*Mapping!$H$22+AX7/AX$6*Mapping!$H$23)/SUM(Mapping!$H$15:$H$23),"") | BJ7: =IFERROR((AP7/AP$6*Mapping!$I$15+AQ7/AQ$6*Mapping!$I$16+AR7/AR$6*Mapping!$I$17+AS7/AS$6*Mapping!$I$18+AT7/AT$6*Mapping!$I$19+AU7/AU$6*Mapping!$I$20+AV7/AV$6*Mapping!$I$21+AW7/AW$6*Mapping!$I$22+AX7/AX$6*Mapping!$I$23)/SUM(Mapping!$I$15:$I$23),"") | BK7: =IFERROR((AP7/AP$6*Mapping!$J$15+AQ7/AQ$6*Mapping!$J$16+AR7/AR$6*Mapping!$J$17+AS7/AS$6*Mapping!$J$18+AT7/AT$6*Mapping!$J$19+AU7/AU$6*Mapping!$J$20+AV7/AV$6*Mapping!$J$21+AW7/AW$6*Mapping!$J$22+AX7/AX$6*Mapping!$J$23)/SUM(Mapping!$J$15:$J$23),"") | BL7: =IFERROR((AP7/AP$6*Mapping!$K$15+AQ7/AQ$6*Mapping!$K$16+AR7/AR$6*Mapping!$K$17+AS7/AS$6*Mapping!$K$18+AT7/AT$6*Mapping!$K$19+AU7/AU$6*Mapping!$K$20+AV7/AV$6*Mapping!$K$21+AW7/AW$6*Mapping!$K$22+AX7/AX$6*Mapping!$K$23)/SUM(Mapping!$K$15:$K$23),"") | BM7: =IFERROR((AP7/AP$6*Mapping!$L$15+AQ7/AQ$6*Mapping!$L$16+AR7/AR$6*Mapping!$L$17+AS7/AS$6*Mapping!$L$18+AT7/AT$6*Mapping!$L$19+AU7/AU$6*Mapping!$L$20+AV7/AV$6*Mapping!$L$21+AW7/AW$6*Mapping!$L$22+AX7/AX$6*Mapping!$L$23)/SUM(Mapping!$L$15:$L$23),"") | BN7: =IFERROR((AP7/AP$6*Mapping!$M$15+AQ7/AQ$6*Mapping!$M$16+AR7/AR$6*Mapping!$M$17+AS7/AS$6*Mapping!$M$18+AT7/AT$6*Mapping!$M$19+AU7/AU$6*Mapping!$M$20+AV7/AV$6*Mapping!$M$21+AW7/AW$6*Mapping!$M$22+AX7/AX$6*Mapping!$M$23)/SUM(Mapping!$M$15:$M$23),"") | BO7: =IFERROR((AP7/AP$6*Mapping!$N$15+AQ7/AQ$6*Mapping!$N$16+AR7/AR$6*Mapping!$N$17+AS7/AS$6*Mapping!$N$18+AT7/AT$6*Mapping!$N$19+AU7/AU$6*Mapping!$N$20+AV7/AV$6*Mapping!$N$21+AW7/AW$6*Mapping!$N$22+AX7/AX$6*Mapping!$N$23)/SUM(Mapping!$N$15:$N$23),"") | BP7: =IFERROR((AP7/AP$6*Mapping!$O$15+AQ7/AQ$6*Mapping!$O$16+AR7/AR$6*Mapping!$O$17+AS7/AS$6*Mapping!$O$18+AT7/AT$6*Mapping!$O$19+AU7/AU$6*Mapping!$O$20+AV7/AV$6*Mapping!$O$21+AW7/AW$6*Mapping!$O$22+AX7/AX$6*Mapping!$O$23)/SUM(Mapping!$O$15:$O$23),"") | BQ7: =IFERROR((AP7/AP$6*Mapping!$P$15+AQ7/AQ$6*Mapping!$P$16+AR7/AR$6*Mapping!$P$17+AS7/AS$6*Mapping!$P$18+AT7/AT$6*Mapping!$P$19+AU7/AU$6*Mapping!$P$20+AV7/AV$6*Mapping!$P$21+AW7/AW$6*Mapping!$P$22+AX7/AX$6*Mapping!$P$23)/SUM(Mapping!$P$15:$P$23),"") | BR7: =IF(BA7="","",BA7+N(AS7)/10000)
A8: 2 | B8: 3rd Sem - A | C8: =IFERROR(INDEX('3A Intra'!$C$7:$C$26,MATCH(2,'3A Intra'!$BC$7:$BC$26,0))&"","") | D8: =IFERROR(INDEX('3A Intra'!$D$7:$D$26,MATCH(2,'3A Intra'!$BC$7:$BC$26,0))&"","") | E8: =IFERROR(INDEX('3A Intra'!$E$7:$E$26,MATCH(2,'3A Intra'!$BC$7:$BC$26,0))&"","") | F8: =IFERROR(INDEX('3A Intra'!$F$7:$F$26,MATCH(2,'3A Intra'!$BC$7:$BC$26,0))&"","") | G8: =IFERROR(INDEX('3A Intra'!$G$7:$G$26,MATCH(2,'3A Intra'!$BC$7:$BC$26,0))&"","") | H8: =IFERROR(INDEX('3A Intra'!$H$7:$H$26,MATCH(2,'3A Intra'!$BC$7:$BC$26,0))&"","") | AP8: =IF(COUNT(I8,T8,AE8)=0,"",AVERAGE(I8,T8,AE8)) | AQ8: =IF(COUNT(J8,U8,AF8)=0,"",AVERAGE(J8,U8,AF8)) | AR8: =IF(COUNT(K8,V8,AG8)=0,"",AVERAGE(K8,V8,AG8)) | AS8: =IF(COUNT(L8,W8,AH8)=0,"",AVERAGE(L8,W8,AH8)) | AT8: =IF(COUNT(M8,X8,AI8)=0,"",AVERAGE(M8,X8,AI8)) | AU8: =IF(COUNT(N8,Y8,AJ8)=0,"",AVERAGE(N8,Y8,AJ8)) | AV8: =IF(COUNT(O8,Z8,AK8)=0,"",AVERAGE(O8,Z8,AK8)) | AW8: =IF(COUNT(P8,AA8,AL8)=0,"",AVERAGE(P8,AA8,AL8)) | AX8: =IF(COUNT(Q8,AB8,AM8)=0,"",AVERAGE(Q8,AB8,AM8)) | AY8: =IF(OR($F8="",COUNT(R8,AC8,AN8)=0),"",AVERAGE(R8,AC8,AN8)) | AZ8: =IF(OR($G8="",$G8=$F8,COUNT(S8,AD8,AO8)=0),"",AVERAGE(S8,AD8,AO8)) | BA8: =IF(COUNT(AP8:AX8)=0,"",SUM(AP8:AX8)) | BB8: =IF(BA8="","",BA8/BA$6) | BC8: =IF(BR8="","",COUNTIF($BR$7:$BR$16,">"&BR8)+COUNTIF($BR$7:BR8,BR8)) | BD8: =IF(BC8="","",IF(BC8<=Mapping!$C$11,"Shortlisted","Not shortlisted")) | BE8: =IFERROR((AP8/AP$6*Mapping!$D$15+AQ8/AQ$6*Mapping!$D$16+AR8/AR$6*Mapping!$D$17+AS8/AS$6*Mapping!$D$18+AT8/AT$6*Mapping!$D$19+AU8/AU$6*Mapping!$D$20+AV8/AV$6*Mapping!$D$21+AW8/AW$6*Mapping!$D$22+AX8/AX$6*Mapping!$D$23)/SUM(Mapping!$D$15:$D$23),"") | BF8: =IFERROR((AP8/AP$6*Mapping!$E$15+AQ8/AQ$6*Mapping!$E$16+AR8/AR$6*Mapping!$E$17+AS8/AS$6*Mapping!$E$18+AT8/AT$6*Mapping!$E$19+AU8/AU$6*Mapping!$E$20+AV8/AV$6*Mapping!$E$21+AW8/AW$6*Mapping!$E$22+AX8/AX$6*Mapping!$E$23)/SUM(Mapping!$E$15:$E$23),"") | BG8: =IFERROR((AP8/AP$6*Mapping!$F$15+AQ8/AQ$6*Mapping!$F$16+AR8/AR$6*Mapping!$F$17+AS8/AS$6*Mapping!$F$18+AT8/AT$6*Mapping!$F$19+AU8/AU$6*Mapping!$F$20+AV8/AV$6*Mapping!$F$21+AW8/AW$6*Mapping!$F$22+AX8/AX$6*Mapping!$F$23)/SUM(Mapping!$F$15:$F$23),"") | BH8: =IFERROR((AP8/AP$6*Mapping!$G$15+AQ8/AQ$6*Mapping!$G$16+AR8/AR$6*Mapping!$G$17+AS8/AS$6*Mapping!$G$18+AT8/AT$6*Mapping!$G$19+AU8/AU$6*Mapping!$G$20+AV8/AV$6*Mapping!$G$21+AW8/AW$6*Mapping!$G$22+AX8/AX$6*Mapping!$G$23)/SUM(Mapping!$G$15:$G$23),"") | BI8: =IFERROR((AP8/AP$6*Mapping!$H$15+AQ8/AQ$6*Mapping!$H$16+AR8/AR$6*Mapping!$H$17+AS8/AS$6*Mapping!$H$18+AT8/AT$6*Mapping!$H$19+AU8/AU$6*Mapping!$H$20+AV8/AV$6*Mapping!$H$21+AW8/AW$6*Mapping!$H$22+AX8/AX$6*Mapping!$H$23)/SUM(Mapping!$H$15:$H$23),"") | BJ8: =IFERROR((AP8/AP$6*Mapping!$I$15+AQ8/AQ$6*Mapping!$I$16+AR8/AR$6*Mapping!$I$17+AS8/AS$6*Mapping!$I$18+AT8/AT$6*Mapping!$I$19+AU8/AU$6*Mapping!$I$20+AV8/AV$6*Mapping!$I$21+AW8/AW$6*Mapping!$I$22+AX8/AX$6*Mapping!$I$23)/SUM(Mapping!$I$15:$I$23),"") | BK8: =IFERROR((AP8/AP$6*Mapping!$J$15+AQ8/AQ$6*Mapping!$J$16+AR8/AR$6*Mapping!$J$17+AS8/AS$6*Mapping!$J$18+AT8/AT$6*Mapping!$J$19+AU8/AU$6*Mapping!$J$20+AV8/AV$6*Mapping!$J$21+AW8/AW$6*Mapping!$J$22+AX8/AX$6*Mapping!$J$23)/SUM(Mapping!$J$15:$J$23),"") | BL8: =IFERROR((AP8/AP$6*Mapping!$K$15+AQ8/AQ$6*Mapping!$K$16+AR8/AR$6*Mapping!$K$17+AS8/AS$6*Mapping!$K$18+AT8/AT$6*Mapping!$K$19+AU8/AU$6*Mapping!$K$20+AV8/AV$6*Mapping!$K$21+AW8/AW$6*Mapping!$K$22+AX8/AX$6*Mapping!$K$23)/SUM(Mapping!$K$15:$K$23),"") | BM8: =IFERROR((AP8/AP$6*Mapping!$L$15+AQ8/AQ$6*Mapping!$L$16+AR8/AR$6*Mapping!$L$17+AS8/AS$6*Mapping!$L$18+AT8/AT$6*Mapping!$L$19+AU8/AU$6*Mapping!$L$20+AV8/AV$6*Mapping!$L$21+AW8/AW$6*Mapping!$L$22+AX8/AX$6*Mapping!$L$23)/SUM(Mapping!$L$15:$L$23),"") | BN8: =IFERROR((AP8/AP$6*Mapping!$M$15+AQ8/AQ$6*Mapping!$M$16+AR8/AR$6*Mapping!$M$17+AS8/AS$6*Mapping!$M$18+AT8/AT$6*Mapping!$M$19+AU8/AU$6*Mapping!$M$20+AV8/AV$6*Mapping!$M$21+AW8/AW$6*Mapping!$M$22+AX8/AX$6*Mapping!$M$23)/SUM(Mapping!$M$15:$M$23),"") | BO8: =IFERROR((AP8/AP$6*Mapping!$N$15+AQ8/AQ$6*Mapping!$N$16+AR8/AR$6*Mapping!$N$17+AS8/AS$6*Mapping!$N$18+AT8/AT$6*Mapping!$N$19+AU8/AU$6*Mapping!$N$20+AV8/AV$6*Mapping!$N$21+AW8/AW$6*Mapping!$N$22+AX8/AX$6*Mapping!$N$23)/SUM(Mapping!$N$15:$N$23),"") | BP8: =IFERROR((AP8/AP$6*Mapping!$O$15+AQ8/AQ$6*Mapping!$O$16+AR8/AR$6*Mapping!$O$17+AS8/AS$6*Mapping!$O$18+AT8/AT$6*Mapping!$O$19+AU8/AU$6*Mapping!$O$20+AV8/AV$6*Mapping!$O$21+AW8/AW$6*Mapping!$O$22+AX8/AX$6*Mapping!$O$23)/SUM(Mapping!$O$15:$O$23),"") | BQ8: =IFERROR((AP8/AP$6*Mapping!$P$15+AQ8/AQ$6*Mapping!$P$16+AR8/AR$6*Mapping!$P$17+AS8/AS$6*Mapping!$P$18+AT8/AT$6*Mapping!$P$19+AU8/AU$6*Mapping!$P$20+AV8/AV$6*Mapping!$P$21+AW8/AW$6*Mapping!$P$22+AX8/AX$6*Mapping!$P$23)/SUM(Mapping!$P$15:$P$23),"") | BR8: =IF(BA8="","",BA8+N(AS8)/10000)
